paper_id,pmid,pmcid,doi,title,fulltext_access_route,fulltext_xml_url,fulltext_pdf_url,pmc_access_status,pmc_parse_status,pdf_needed,pdf_import_status,normalized_path,notes
pmid-42533127,42533127,,10.1007/s00467-026-07496-z,Novel PAX2 variants and phenotypic heterogeneity in pediatric kidney disease: a single-center retrospective study.,none,,,missing,not_attempted,yes,missing,,No NCBI PMCID found. Alternate open-access lookup is deferred during PMC-learning to keep early full-text import focused and fast.
pmid-42471738,42471738,,10.1186/s13062-026-00905-1,PAX5 alleviates atherosclerosis by transcriptionally regulating GSDMD and inhibiting STAT3-mediated pyroptosis.,none,,,missing,not_attempted,yes,missing,,No NCBI PMCID found. Alternate open-access lookup is deferred during PMC-learning to keep early full-text import focused and fast.
pmid-42446761,42446761,PMC13369112,10.1007/s12105-026-01951-x,Biphenotypic Sinonasal Sarcomas with Recurrent PAX3::FOXO6 Gene Fusion.,ncbi_pmc_xml,,,missing,unusable,yes,missing,,PMCID resolved from NCBI idconv. PMC XML body element is missing. Unusable XML deleted from run artifacts.
pmid-41541182,41541182,PMC12596637,10.1016/j.ijscr.2025.112106,"Ovarian mesonephric-like adenocarcinoma mimicking serous carcinoma: A case report integrating cytologic, frozen, histological, immunohistochemistry, and molecular analyses.",ncbi_pmc_xml,,,available,usable,no,not_attempted,/Users/xingmeng/.openclaw/workspaces/staff-scientist-ideker/agent_LiteratureDueDiligence/runs/pax8_protein_level_regulation_20260830/Phase1_PubmedCollection/passes/pass_001/artifacts/fulltext_import/PMC_XML/normalized/PMC12596637.json,PMCID resolved from NCBI idconv. NCBI PMC XML downloaded and normalized.
pmid-41417852,41417852,PMC12716760,10.1371/journal.pone.0338446,Deciphering the pathogenicity of three NKX2-1 variants in ultra-severe forms of childhood interstitial lung disease.,ncbi_pmc_xml,,,available,usable,no,not_attempted,/Users/xingmeng/.openclaw/workspaces/staff-scientist-ideker/agent_LiteratureDueDiligence/runs/pax8_protein_level_regulation_20260830/Phase1_PubmedCollection/passes/pass_001/artifacts/fulltext_import/PMC_XML/normalized/PMC12716760.json,PMCID resolved from NCBI idconv. NCBI PMC XML downloaded and normalized.
pmid-41054284,41054284,PMC12501411,10.1002/jcsm.70081,ARC-18 Improved Motor Performance Through Inhibiting ACLY-Mediated Smad2/3 Acetylation in a Model of Duchenne Muscular Dystrophy.,ncbi_pmc_xml,,,available,usable,no,not_attempted,/Users/xingmeng/.openclaw/workspaces/staff-scientist-ideker/agent_LiteratureDueDiligence/runs/pax8_protein_level_regulation_20260830/Phase1_PubmedCollection/passes/pass_001/artifacts/fulltext_import/PMC_XML/normalized/PMC12501411.json,PMCID resolved from NCBI idconv. NCBI PMC XML downloaded and normalized.
pmid-40229275,40229275,PMC11997201,10.1038/s41467-025-58872-6,Programmable protein stabilization with language model-derived peptide guides.,ncbi_pmc_xml,,,available,usable,no,not_attempted,/Users/xingmeng/.openclaw/workspaces/staff-scientist-ideker/agent_LiteratureDueDiligence/runs/pax8_protein_level_regulation_20260830/Phase1_PubmedCollection/passes/pass_001/artifacts/fulltext_import/PMC_XML/normalized/PMC11997201.json,PMCID resolved from NCBI idconv. NCBI PMC XML downloaded and normalized.
pmid-40203790,40203790,PMC12013658,10.1016/j.tranon.2025.102389,CUL4B regulates thyroid cancer differentiation and treatment sensitivity by ubiquitinating ARID1A.,ncbi_pmc_xml,,,available,usable,no,not_attempted,/Users/xingmeng/.openclaw/workspaces/staff-scientist-ideker/agent_LiteratureDueDiligence/runs/pax8_protein_level_regulation_20260830/Phase1_PubmedCollection/passes/pass_001/artifacts/fulltext_import/PMC_XML/normalized/PMC12013658.json,PMCID resolved from NCBI idconv. NCBI PMC XML downloaded and normalized.
pmid-40119193,40119193,,10.1038/s41590-025-02139-1,"Author Correction: Transcriptional function of E2A, Ebf1, Pax5, Ikaros and Aiolos analyzed by in vivo acute protein degradation in early B cell development.",none,,,missing,not_attempted,yes,missing,,No NCBI PMCID found. Alternate open-access lookup is deferred during PMC-learning to keep early full-text import focused and fast.
pmid-39862739,39862739,,10.1016/j.bioorg.2025.108169,A promising future for breast cancer therapy with hydroxamic acid-based histone deacetylase inhibitors.,none,,,missing,not_attempted,yes,missing,,No NCBI PMCID found. Alternate open-access lookup is deferred during PMC-learning to keep early full-text import focused and fast.
pmid-39615561,39615561,PMC11949280,10.1016/j.actbio.2024.11.044,Myofibers cultured in viscoelastic hydrogels reveal the effects of integrin-binding and mechanosensing on muscle satellite cells.,ncbi_pmc_xml,,,available,usable,no,not_attempted,/Users/xingmeng/.openclaw/workspaces/staff-scientist-ideker/agent_LiteratureDueDiligence/runs/pax8_protein_level_regulation_20260830/Phase1_PubmedCollection/passes/pass_001/artifacts/fulltext_import/PMC_XML/normalized/PMC11949280.json,PMCID resolved from NCBI idconv. NCBI PMC XML downloaded and normalized.
pmid-39424985,39424985,PMC11588656,10.1038/s41590-024-01995-7,A SIRT7-dependent acetylation switch regulates early B cell differentiation and lineage commitment through Pax5.,ncbi_pmc_xml,,,available,usable,no,not_attempted,/Users/xingmeng/.openclaw/workspaces/staff-scientist-ideker/agent_LiteratureDueDiligence/runs/pax8_protein_level_regulation_20260830/Phase1_PubmedCollection/passes/pass_001/artifacts/fulltext_import/PMC_XML/normalized/PMC11588656.json,PMCID resolved from NCBI idconv. NCBI PMC XML downloaded and normalized.
pmid-39256480,39256480,PMC11528059,10.1038/s41423-024-01213-2,Rack1 regulates B-cell development and function by binding to and stabilizing the transcription factor Pax5.,ncbi_pmc_xml,,,missing,unusable,yes,missing,,PMCID resolved from NCBI idconv. PMC XML body element is missing. Unusable XML deleted from run artifacts.
pmid-39179932,39179932,,10.1038/s41590-024-01933-7,"Transcriptional function of E2A, Ebf1, Pax5, Ikaros and Aiolos analyzed by in vivo acute protein degradation in early B cell development.",none,,,missing,not_attempted,yes,missing,,No NCBI PMCID found. Alternate open-access lookup is deferred during PMC-learning to keep early full-text import focused and fast.
pmid-39108486,39108486,PMC11302690,10.21203/rs.3.rs-4670386/v1,Programmable Protein Stabilization with Language Model-Derived Peptide Guides.,ncbi_pmc_xml,,,available,usable,no,not_attempted,/Users/xingmeng/.openclaw/workspaces/staff-scientist-ideker/agent_LiteratureDueDiligence/runs/pax8_protein_level_regulation_20260830/Phase1_PubmedCollection/passes/pass_001/artifacts/fulltext_import/PMC_XML/normalized/PMC11302690.json,PMCID resolved from NCBI idconv. NCBI PMC XML downloaded and normalized.
pmid-39094501,39094501,PMC11345595,10.1016/j.psj.2024.104075,In ovo betaine injection improves breast muscle growth in newly hatched goslings through FXR/IGF-2 pathway.,ncbi_pmc_xml,,,available,usable,no,not_attempted,/Users/xingmeng/.openclaw/workspaces/staff-scientist-ideker/agent_LiteratureDueDiligence/runs/pax8_protein_level_regulation_20260830/Phase1_PubmedCollection/passes/pass_001/artifacts/fulltext_import/PMC_XML/normalized/PMC11345595.json,PMCID resolved from NCBI idconv. NCBI PMC XML downloaded and normalized.
pmid-39056058,39056058,PMC11269857,10.1016/j.aninu.2024.04.012,Dietary fishmeal replacement by Clostridium autoethanogenum protein meal influences the nutritional and sensory quality of turbot (Scophthalmus maximus) via the TOR/AAR/AMPK pathways.,ncbi_pmc_xml,,,available,usable,no,not_attempted,/Users/xingmeng/.openclaw/workspaces/staff-scientist-ideker/agent_LiteratureDueDiligence/runs/pax8_protein_level_regulation_20260830/Phase1_PubmedCollection/passes/pass_001/artifacts/fulltext_import/PMC_XML/normalized/PMC11269857.json,PMCID resolved from NCBI idconv. NCBI PMC XML downloaded and normalized.
pmid-39044030,39044030,,10.1007/s00421-024-05565-5,"A single, maximal dose of celecoxib, ibuprofen, or flurbiprofen does not reduce the muscle signalling response to plyometric exercise in young healthy adults.",none,,,missing,not_attempted,yes,missing,,No NCBI PMCID found. Alternate open-access lookup is deferred during PMC-learning to keep early full-text import focused and fast.
pmid-38776375,38776375,PMC11145296,10.1073/pnas.2314619121,SUMO-specific protease 1 regulates germinal center B cell response through deSUMOylation of PAX5.,ncbi_pmc_xml,,,available,usable,no,not_attempted,/Users/xingmeng/.openclaw/workspaces/staff-scientist-ideker/agent_LiteratureDueDiligence/runs/pax8_protein_level_regulation_20260830/Phase1_PubmedCollection/passes/pass_001/artifacts/fulltext_import/PMC_XML/normalized/PMC11145296.json,PMCID resolved from NCBI idconv. NCBI PMC XML downloaded and normalized.
pmid-38657865,38657865,PMC11130726,10.1016/j.jbc.2024.107312,PTIP UFMylation promotes replication fork degradation in BRCA1-deficient cells.,ncbi_pmc_xml,,,available,usable,no,not_attempted,/Users/xingmeng/.openclaw/workspaces/staff-scientist-ideker/agent_LiteratureDueDiligence/runs/pax8_protein_level_regulation_20260830/Phase1_PubmedCollection/passes/pass_001/artifacts/fulltext_import/PMC_XML/normalized/PMC11130726.json,PMCID resolved from NCBI idconv. NCBI PMC XML downloaded and normalized.
pmid-38197297,38197297,,10.1096/fj.202301291RR,Nuclear-localized androgen receptor content following resistance exercise training is associated with hypertrophy in males but not females.,none,,,missing,not_attempted,yes,missing,,No NCBI PMCID found. Alternate open-access lookup is deferred during PMC-learning to keep early full-text import focused and fast.
pmid-36892588,36892588,,10.1007/s00223-023-01073-4,Urotensin II can Induce Skeletal Muscle Atrophy Associated with Upregulating Ubiquitin-Proteasome System and Inhibiting the Differentiation of Satellite Cells in CRF Mice.,none,,,missing,not_attempted,yes,missing,,No NCBI PMCID found. Alternate open-access lookup is deferred during PMC-learning to keep early full-text import focused and fast.
pmid-36860866,36860866,PMC9969136,10.3389/fimmu.2023.1089243,An arrayed CRISPR screen of primary B cells reveals the essential elements of the antibody secretion pathway.,ncbi_pmc_xml,,,available,usable,no,not_attempted,/Users/xingmeng/.openclaw/workspaces/staff-scientist-ideker/agent_LiteratureDueDiligence/runs/pax8_protein_level_regulation_20260830/Phase1_PubmedCollection/passes/pass_001/artifacts/fulltext_import/PMC_XML/normalized/PMC9969136.json,PMCID resolved from NCBI idconv. NCBI PMC XML downloaded and normalized.
pmid-36825441,36825441,PMC10157619,10.3724/abbs.2023025,"E3 ligase Deltex2 accelerates myoblast proliferation and inhibits myoblast differentiation by targeting Pax7 and MyoD, respectively.",ncbi_pmc_xml,,,available,usable,no,not_attempted,/Users/xingmeng/.openclaw/workspaces/staff-scientist-ideker/agent_LiteratureDueDiligence/runs/pax8_protein_level_regulation_20260830/Phase1_PubmedCollection/passes/pass_001/artifacts/fulltext_import/PMC_XML/normalized/PMC10157619.json,PMCID resolved from NCBI idconv. NCBI PMC XML downloaded and normalized.
pmid-36733766,36733766,PMC9888430,10.3389/fped.2022.978598,Deciphering an isolated lung phenotype of NKX2-1 frameshift pathogenic variant.,ncbi_pmc_xml,,,available,usable,no,not_attempted,/Users/xingmeng/.openclaw/workspaces/staff-scientist-ideker/agent_LiteratureDueDiligence/runs/pax8_protein_level_regulation_20260830/Phase1_PubmedCollection/passes/pass_001/artifacts/fulltext_import/PMC_XML/normalized/PMC9888430.json,PMCID resolved from NCBI idconv. NCBI PMC XML downloaded and normalized.
pmid-36274837,36274837,PMC9583931,10.3389/fcell.2022.1007120,Emerin interacts with histone methyltransferases to regulate repressive chromatin at the nuclear periphery.,ncbi_pmc_xml,,,available,usable,no,not_attempted,/Users/xingmeng/.openclaw/workspaces/staff-scientist-ideker/agent_LiteratureDueDiligence/runs/pax8_protein_level_regulation_20260830/Phase1_PubmedCollection/passes/pass_001/artifacts/fulltext_import/PMC_XML/normalized/PMC9583931.json,PMCID resolved from NCBI idconv. NCBI PMC XML downloaded and normalized.
pmid-35920196,35920196,PMC9827955,10.3724/abbs.2022043,PHD3 inhibits cell proliferation through hydroxylation of PAX2 at proline 9.,ncbi_pmc_xml,,,available,usable,no,not_attempted,/Users/xingmeng/.openclaw/workspaces/staff-scientist-ideker/agent_LiteratureDueDiligence/runs/pax8_protein_level_regulation_20260830/Phase1_PubmedCollection/passes/pass_001/artifacts/fulltext_import/PMC_XML/normalized/PMC9827955.json,PMCID resolved from NCBI idconv. NCBI PMC XML downloaded and normalized.
pmid-34852207,34852207,,10.1152/ajpcell.00344.2021,Aerobic exercise and resistance exercise alleviate skeletal muscle atrophy through IGF-1/IGF-1R-PI3K/Akt pathway in mice with myocardial infarction.,none,,,missing,not_attempted,yes,missing,,No NCBI PMCID found. Alternate open-access lookup is deferred during PMC-learning to keep early full-text import focused and fast.
pmid-34726504,34726504,,10.1089/thy.2021.0191,A Critical Balance Between PAX8 and the Hippo Mediator TAZ Determines Sodium/Iodide Symporter Expression and Function.,none,,,missing,not_attempted,yes,missing,,No NCBI PMCID found. Alternate open-access lookup is deferred during PMC-learning to keep early full-text import focused and fast.
pmid-34501239,34501239,PMC8432032,10.3390/jcm10173792,Biologic and Therapeutic Implications of Genomic Alterations in Acute Lymphoblastic Leukemia.,ncbi_pmc_xml,,,available,usable,no,not_attempted,/Users/xingmeng/.openclaw/workspaces/staff-scientist-ideker/agent_LiteratureDueDiligence/runs/pax8_protein_level_regulation_20260830/Phase1_PubmedCollection/passes/pass_001/artifacts/fulltext_import/PMC_XML/normalized/PMC8432032.json,PMCID resolved from NCBI idconv. NCBI PMC XML downloaded and normalized.
pmid-34340000,34340000,,10.1016/j.aquatox.2021.105926,Behavioral effects of early-life exposure to perfluorooctanoic acid might synthetically link to multiple aspects of dopaminergic neuron development and dopamine functions in zebrafish larvae.,none,,,missing,not_attempted,yes,missing,,No NCBI PMCID found. Alternate open-access lookup is deferred during PMC-learning to keep early full-text import focused and fast.
pmid-34206382,34206382,PMC8269395,10.3390/ijms22136669,Emerin Represses STAT3 Signaling through Nuclear Membrane-Based Spatial Control.,ncbi_pmc_xml,,,available,usable,no,not_attempted,/Users/xingmeng/.openclaw/workspaces/staff-scientist-ideker/agent_LiteratureDueDiligence/runs/pax8_protein_level_regulation_20260830/Phase1_PubmedCollection/passes/pass_001/artifacts/fulltext_import/PMC_XML/normalized/PMC8269395.json,PMCID resolved from NCBI idconv. NCBI PMC XML downloaded and normalized.
pmid-33660125,33660125,,10.1007/s11655-021-2865-0,Wide Pulse Width Electroacupuncture Ameliorates Denervation-Induced Skeletal Muscle Atrophy in Rats via IGF-1/PI3K/Akt Pathway.,none,,,missing,not_attempted,yes,missing,,No NCBI PMCID found. Alternate open-access lookup is deferred during PMC-learning to keep early full-text import focused and fast.
pmid-33571646,33571646,,10.1016/j.aanat.2021.151694,Localization of T-cell factor 4 positive fibroblasts and CD206-positive macrophages during skeletal muscle regeneration in mice.,none,,,missing,not_attempted,yes,missing,,No NCBI PMCID found. Alternate open-access lookup is deferred during PMC-learning to keep early full-text import focused and fast.
pmid-32693409,32693409,PMC7819760,10.1182/blood.2020006164,Molecular basis of ETV6-mediated predisposition to childhood acute lymphoblastic leukemia.,ncbi_pmc_xml,,,missing,unusable,yes,missing,,PMCID resolved from NCBI idconv. PMC XML body element is missing. Unusable XML deleted from run artifacts.
pmid-32401642,32401642,PMC8143243,10.1080/15548627.2020.1752548,Autophagy in the physiological endometrium and cancer.,ncbi_pmc_xml,,,available,usable,no,not_attempted,/Users/xingmeng/.openclaw/workspaces/staff-scientist-ideker/agent_LiteratureDueDiligence/runs/pax8_protein_level_regulation_20260830/Phase1_PubmedCollection/passes/pass_001/artifacts/fulltext_import/PMC_XML/normalized/PMC8143243.json,PMCID resolved from NCBI idconv. NCBI PMC XML downloaded and normalized.
pmid-34746812,34746812,PMC8562141,10.1016/j.crphys.2020.02.001,Co-ingestion of carbohydrate and whey protein induces muscle strength and myofibrillar protein accretion without a requirement of satellite cell activation.,ncbi_pmc_xml,,,available,usable,no,not_attempted,/Users/xingmeng/.openclaw/workspaces/staff-scientist-ideker/agent_LiteratureDueDiligence/runs/pax8_protein_level_regulation_20260830/Phase1_PubmedCollection/passes/pass_001/artifacts/fulltext_import/PMC_XML/normalized/PMC8562141.json,PMCID resolved from NCBI idconv. NCBI PMC XML downloaded and normalized.
pmid-33117128,33117128,PMC7549434,10.3389/fnmol.2020.00154,Gene Expression Profile at the Motor Endplate of the Neuromuscular Junction of Fast-Twitch Muscle.,ncbi_pmc_xml,,,available,usable,no,not_attempted,/Users/xingmeng/.openclaw/workspaces/staff-scientist-ideker/agent_LiteratureDueDiligence/runs/pax8_protein_level_regulation_20260830/Phase1_PubmedCollection/passes/pass_001/artifacts/fulltext_import/PMC_XML/normalized/PMC7549434.json,PMCID resolved from NCBI idconv. NCBI PMC XML downloaded and normalized.
pmid-32990402,32990402,,10.1002/ajmg.a.61893,Phenotypic diversity and genetic complexity of PAX3-related Waardenburg syndrome.,none,,,missing,not_attempted,yes,missing,,No NCBI PMCID found. Alternate open-access lookup is deferred during PMC-learning to keep early full-text import focused and fast.
pmid-32841355,32841355,,10.1210/clinem/dgaa584,Congenital Hypothyroidism Due to Truncating PAX8 Mutations: A Case Series and Molecular Function Studies.,none,,,missing,not_attempted,yes,missing,,No NCBI PMCID found. Alternate open-access lookup is deferred during PMC-learning to keep early full-text import focused and fast.
pmid-32115872,32115872,,10.1111/febs.15269,USP7-dependent control of myogenin stability is required for terminal differentiation in skeletal muscle progenitors.,none,,,missing,not_attempted,yes,missing,,No NCBI PMCID found. Alternate open-access lookup is deferred during PMC-learning to keep early full-text import focused and fast.
pmid-32010341,32010341,PMC6966193,10.3892/etm.2019.8392,Regulation of immune response by S-1-propenylcysteine through autophagy-mediated protein degradation.,ncbi_pmc_xml,,,available,usable,no,not_attempted,/Users/xingmeng/.openclaw/workspaces/staff-scientist-ideker/agent_LiteratureDueDiligence/runs/pax8_protein_level_regulation_20260830/Phase1_PubmedCollection/passes/pass_001/artifacts/fulltext_import/PMC_XML/normalized/PMC6966193.json,PMCID resolved from NCBI idconv. NCBI PMC XML downloaded and normalized.
pmid-31441945,31441945,,10.1111/cup.13571,Concurrent cutaneous localization of Langerhans cell sarcoma and chronic lymphocytic leukemia/small lymphocytic lymphoma in a patient with a history of chronic lymphocytic leukemia/small lymphocytic lymphoma.,none,,,missing,not_attempted,yes,missing,,No NCBI PMCID found. Alternate open-access lookup is deferred during PMC-learning to keep early full-text import focused and fast.
pmid-31494105,31494105,,10.1016/j.cbi.2019.108813,"""Verteporfin exhibits anti-proliferative activity in embryonal and alveolar rhabdomyosarcoma cell lines"".",none,,,missing,not_attempted,yes,missing,,No NCBI PMCID found. Alternate open-access lookup is deferred during PMC-learning to keep early full-text import focused and fast.
pmid-31391550,31391550,,10.1038/s41388-019-0907-2,HBx regulates transcription factor PAX8 stabilization to promote the progression of hepatocellular carcinoma.,none,,,missing,not_attempted,yes,missing,,No NCBI PMCID found. Alternate open-access lookup is deferred during PMC-learning to keep early full-text import focused and fast.
pmid-31201822,31201822,,10.1016/j.taap.2019.114625,A novel oleanolic acid derivative HA-19 ameliorates muscle atrophy via promoting protein synthesis and preventing protein degradation.,none,,,missing,not_attempted,yes,missing,,No NCBI PMCID found. Alternate open-access lookup is deferred during PMC-learning to keep early full-text import focused and fast.
pmid-30676333,30676333,,10.1097/PAS.0000000000001219,Adenocarcinoma of the Rete Testis: Clinicopathologic and Immunohistochemical Characterization of 6 Cases and Review of the Literature.,none,,,missing,not_attempted,yes,missing,,No NCBI PMCID found. Alternate open-access lookup is deferred during PMC-learning to keep early full-text import focused and fast.
pmid-30352879,30352879,,10.2337/db18-0285,"Transient PAX8 Expression in Islets During Pregnancy Correlates With β-Cell Survival, Revealing a Novel Candidate Gene in Gestational Diabetes Mellitus.",none,,,missing,not_attempted,yes,missing,,No NCBI PMCID found. Alternate open-access lookup is deferred during PMC-learning to keep early full-text import focused and fast.
pmid-29561272,29561272,,10.1097/PAI.0000000000000635,Novel Finding of Paired Box 5 (PAX5) Cytoplasmic Staining in Well-differentiated Rectal Neuroendocrine Tumors (Carcinoids) and Its Diagnostic and Potentially Prognostic Utility.,none,,,missing,not_attempted,yes,missing,,No NCBI PMCID found. Alternate open-access lookup is deferred during PMC-learning to keep early full-text import focused and fast.
pmid-30328290,30328290,PMC6204589,10.1002/jcsm.12354,Protein imbalance in the development of skeletal muscle wasting in tumour-bearing mice.,ncbi_pmc_xml,,,available,usable,no,not_attempted,/Users/xingmeng/.openclaw/workspaces/staff-scientist-ideker/agent_LiteratureDueDiligence/runs/pax8_protein_level_regulation_20260830/Phase1_PubmedCollection/passes/pass_001/artifacts/fulltext_import/PMC_XML/normalized/PMC6204589.json,PMCID resolved from NCBI idconv. NCBI PMC XML downloaded and normalized.
pmid-29996314,29996314,,10.3760/cma.j.issn.0529-5807.2018.07.005,"[Clinicopathologic and molecular characterizations of Sertoli cell tumor, not otherwise specified of the testis].",none,,,missing,not_attempted,yes,missing,,No NCBI PMCID found. Alternate open-access lookup is deferred during PMC-learning to keep early full-text import focused and fast.
pmid-29681515,29681515,PMC5935555,10.1016/j.stem.2018.03.022,The Dystrophin Glycoprotein Complex Regulates the Epigenetic Activation of Muscle Stem Cell Commitment.,ncbi_pmc_xml,,,available,usable,no,not_attempted,/Users/xingmeng/.openclaw/workspaces/staff-scientist-ideker/agent_LiteratureDueDiligence/runs/pax8_protein_level_regulation_20260830/Phase1_PubmedCollection/passes/pass_001/artifacts/fulltext_import/PMC_XML/normalized/PMC5935555.json,PMCID resolved from NCBI idconv. NCBI PMC XML downloaded and normalized.
pmid-29607880,29607880,,10.1266/ggs.17-00057,A novel nuclear localization signal spans the linker of the two DNA-binding subdomains in the conserved paired domain of Pax6.,none,,,missing,not_attempted,yes,missing,,No NCBI PMCID found. Alternate open-access lookup is deferred during PMC-learning to keep early full-text import focused and fast.
pmid-29475516,29475516,,10.1016/j.lssr.2017.08.005,Exposure to microgravity for 30 days onboard Bion M1 caused muscle atrophy and impaired regeneration in murine femoral Quadriceps.,none,,,missing,not_attempted,yes,missing,,No NCBI PMCID found. Alternate open-access lookup is deferred during PMC-learning to keep early full-text import focused and fast.
pmid-29442331,29442331,,10.1007/978-981-10-7311-3_18,Role of Zic Family Proteins in Transcriptional Regulation and Chromatin Remodeling.,none,,,missing,not_attempted,yes,missing,,No NCBI PMCID found. Alternate open-access lookup is deferred during PMC-learning to keep early full-text import focused and fast.
pmid-29215326,29215326,,10.1667/RR14901.1,The Role of FABP5 in Radiation-Induced Human Skin Fibrosis.,none,,,missing,not_attempted,yes,missing,,No NCBI PMCID found. Alternate open-access lookup is deferred during PMC-learning to keep early full-text import focused and fast.
pmid-29150011,29150011,PMC5728388,10.1016/j.ydbio.2017.08.036,Optimization of CRISPR/Cas9 genome editing for loss-of-function in the early chick embryo.,ncbi_pmc_xml,,,available,usable,no,not_attempted,/Users/xingmeng/.openclaw/workspaces/staff-scientist-ideker/agent_LiteratureDueDiligence/runs/pax8_protein_level_regulation_20260830/Phase1_PubmedCollection/passes/pass_001/artifacts/fulltext_import/PMC_XML/normalized/PMC5728388.json,PMCID resolved from NCBI idconv. NCBI PMC XML downloaded and normalized.
pmid-28893539,28893539,,10.1016/j.bbrc.2017.09.034,Functional analysis of a SOX10 gene mutation associated with Waardenburg syndrome II.,none,,,missing,not_attempted,yes,missing,,No NCBI PMCID found. Alternate open-access lookup is deferred during PMC-learning to keep early full-text import focused and fast.
pmid-28700649,28700649,PMC5507275,10.1371/journal.pone.0180868,Autophagy mediates cell cycle response by regulating nucleocytoplasmic transport of PAX6 in limbal stem cells under ultraviolet-A stress.,ncbi_pmc_xml,,,available,usable,no,not_attempted,/Users/xingmeng/.openclaw/workspaces/staff-scientist-ideker/agent_LiteratureDueDiligence/runs/pax8_protein_level_regulation_20260830/Phase1_PubmedCollection/passes/pass_001/artifacts/fulltext_import/PMC_XML/normalized/PMC5507275.json,PMCID resolved from NCBI idconv. NCBI PMC XML downloaded and normalized.
pmid-27748274,27748274,PMC5080925,10.4103/0971-5916.191747,Level of PAX5 in differential diagnosis of non-Hodgkin's lymphoma.,ncbi_pmc_xml,,,available,usable,no,not_attempted,/Users/xingmeng/.openclaw/workspaces/staff-scientist-ideker/agent_LiteratureDueDiligence/runs/pax8_protein_level_regulation_20260830/Phase1_PubmedCollection/passes/pass_001/artifacts/fulltext_import/PMC_XML/normalized/PMC5080925.json,PMCID resolved from NCBI idconv. NCBI PMC XML downloaded and normalized.
pmid-27555585,27555585,PMC5018744,10.1073/pnas.1600770113,Hedgehog-dependent E3-ligase Midline1 regulates ubiquitin-mediated proteasomal degradation of Pax6 during visual system development.,ncbi_pmc_xml,,,missing,unusable,yes,missing,,PMCID resolved from NCBI idconv. PMC XML body element is missing. Unusable XML deleted from run artifacts.
pmid-27144531,27144531,PMC4856311,10.1371/journal.pone.0154919,Ck2-Dependent Phosphorylation Is Required to Maintain Pax7 Protein Levels in Proliferating Muscle Progenitors.,ncbi_pmc_xml,,,available,usable,no,not_attempted,/Users/xingmeng/.openclaw/workspaces/staff-scientist-ideker/agent_LiteratureDueDiligence/runs/pax8_protein_level_regulation_20260830/Phase1_PubmedCollection/passes/pass_001/artifacts/fulltext_import/PMC_XML/normalized/PMC4856311.json,PMCID resolved from NCBI idconv. NCBI PMC XML downloaded and normalized.
pmid-27144473,27144473,PMC5019118,10.1002/stem.2396,Barx2 and Pax7 Regulate Axin2 Expression in Myoblasts by Interaction with β-Catenin and Chromatin Remodelling.,ncbi_pmc_xml,,,available,usable,no,not_attempted,/Users/xingmeng/.openclaw/workspaces/staff-scientist-ideker/agent_LiteratureDueDiligence/runs/pax8_protein_level_regulation_20260830/Phase1_PubmedCollection/passes/pass_001/artifacts/fulltext_import/PMC_XML/normalized/PMC5019118.json,PMCID resolved from NCBI idconv. NCBI PMC XML downloaded and normalized.
pmid-26858405,26858405,PMC4776458,10.1073/pnas.1522658112,"Adaptive methylation regulation of p53 pathway in sympatric speciation of blind mole rats, Spalax.",ncbi_pmc_xml,,,missing,unusable,yes,missing,,PMCID resolved from NCBI idconv. PMC XML body element is missing. Unusable XML deleted from run artifacts.
pmid-26811269,26811269,,10.1111/pin.12387,Interaction between thyrocytes and adipose tissue in vitro.,none,,,missing,not_attempted,yes,missing,,No NCBI PMCID found. Alternate open-access lookup is deferred during PMC-learning to keep early full-text import focused and fast.
pmid-26304770,26304770,PMC4579044,10.1002/stem.2125,NEDD4 Regulates PAX7 Levels Promoting Activation of the Differentiation Program in Skeletal Muscle Precursors.,ncbi_pmc_xml,,,available,usable,no,not_attempted,/Users/xingmeng/.openclaw/workspaces/staff-scientist-ideker/agent_LiteratureDueDiligence/runs/pax8_protein_level_regulation_20260830/Phase1_PubmedCollection/passes/pass_001/artifacts/fulltext_import/PMC_XML/normalized/PMC4579044.json,PMCID resolved from NCBI idconv. NCBI PMC XML downloaded and normalized.
pmid-26196842,26196842,PMC4615524,10.1097/SHK.0000000000000444,Skeletal Muscle Loss is Associated with TNF Mediated Insufficient Skeletal Myogenic Activation After Burn.,ncbi_pmc_xml,,,available,usable,no,not_attempted,/Users/xingmeng/.openclaw/workspaces/staff-scientist-ideker/agent_LiteratureDueDiligence/runs/pax8_protein_level_regulation_20260830/Phase1_PubmedCollection/passes/pass_001/artifacts/fulltext_import/PMC_XML/normalized/PMC4615524.json,PMCID resolved from NCBI idconv. NCBI PMC XML downloaded and normalized.
pmid-26024302,26024302,,10.1021/acs.chemrestox.5b00036,Arsenic and Its Methylated Metabolites Inhibit the Differentiation of Neural Plate Border Specifier Cells.,none,,,missing,not_attempted,yes,missing,,No NCBI PMCID found. Alternate open-access lookup is deferred during PMC-learning to keep early full-text import focused and fast.
pmid-25912758,25912758,,10.1016/j.humpath.2015.01.007,The significance of Pax2 expression in the ureter epithelium of children with vesicoureteric reflux.,none,,,missing,not_attempted,yes,missing,,No NCBI PMCID found. Alternate open-access lookup is deferred during PMC-learning to keep early full-text import focused and fast.
pmid-25725067,25725067,PMC4360180,10.1242/dev.113431,"Tbx6, Mesp-b and Ripply1 regulate the onset of skeletal myogenesis in zebrafish.",ncbi_pmc_xml,,,missing,unusable,yes,missing,,PMCID resolved from NCBI idconv. PMC XML body element is missing. Unusable XML deleted from run artifacts.
pmid-25720496,25720496,PMC4400335,10.1074/jbc.M115.638577,Mdm2 promotes myogenesis through the ubiquitination and degradation of CCAAT/enhancer-binding protein β.,ncbi_pmc_xml,,,missing,unusable,yes,missing,,PMCID resolved from NCBI idconv. PMC XML body element is missing. Unusable XML deleted from run artifacts.
pmid-25662012,25662012,PMC4329084,10.1016/j.cell.2015.01.015,EBV noncoding RNA binds nascent RNA to drive host PAX5 to viral DNA.,ncbi_pmc_xml,,,available,usable,no,not_attempted,/Users/xingmeng/.openclaw/workspaces/staff-scientist-ideker/agent_LiteratureDueDiligence/runs/pax8_protein_level_regulation_20260830/Phase1_PubmedCollection/passes/pass_001/artifacts/fulltext_import/PMC_XML/normalized/PMC4329084.json,PMCID resolved from NCBI idconv. NCBI PMC XML downloaded and normalized.
pmid-25428274,25428274,PMC4253623,10.1186/s12867-014-0026-0,Efficient isolation of specific genomic regions retaining molecular interactions by the iChIP system using recombinant exogenous DNA-binding proteins.,ncbi_pmc_xml,,,available,usable,no,not_attempted,/Users/xingmeng/.openclaw/workspaces/staff-scientist-ideker/agent_LiteratureDueDiligence/runs/pax8_protein_level_regulation_20260830/Phase1_PubmedCollection/passes/pass_001/artifacts/fulltext_import/PMC_XML/normalized/PMC4253623.json,PMCID resolved from NCBI idconv. NCBI PMC XML downloaded and normalized.
pmid-25025573,25025573,,10.1016/j.cellsig.2014.07.006,Ret finger protein mediates Pax7-induced ubiquitination of MyoD in skeletal muscle atrophy.,none,,,missing,not_attempted,yes,missing,,No NCBI PMCID found. Alternate open-access lookup is deferred during PMC-learning to keep early full-text import focused and fast.
pmid-24645679,24645679,PMC5414850,10.1210/me.2013-1377,Wnt-independent role of β-catenin in thyroid cell proliferation and differentiation.,ncbi_pmc_xml,,,missing,unusable,yes,missing,,PMCID resolved from NCBI idconv. PMC XML body element is missing. Unusable XML deleted from run artifacts.
pmid-24435167,24435167,,10.1158/1541-7786.MCR-13-0337,Functional heterogeneity of PAX5 chimeras reveals insight for leukemia development.,none,,,missing,not_attempted,yes,missing,,No NCBI PMCID found. Alternate open-access lookup is deferred during PMC-learning to keep early full-text import focused and fast.
pmid-24113918,24113918,PMC4158011,10.1007/s10616-013-9635-6,"Effects of stress hormone cortisol on the mRNA expression of myogenenin, MyoD, Myf5, PAX3 and PAX7.",ncbi_pmc_xml,,,missing,unusable,yes,missing,,PMCID resolved from NCBI idconv. PMC XML body element is missing. Unusable XML deleted from run artifacts.
pmid-24062260,24062260,PMC4829207,10.1007/s10577-013-9381-9,"Emerin and histone deacetylase 3 (HDAC3) cooperatively regulate expression and nuclear positions of MyoD, Myf5, and Pax7 genes during myogenesis.",ncbi_pmc_xml,,,available,usable,no,not_attempted,/Users/xingmeng/.openclaw/workspaces/staff-scientist-ideker/agent_LiteratureDueDiligence/runs/pax8_protein_level_regulation_20260830/Phase1_PubmedCollection/passes/pass_001/artifacts/fulltext_import/PMC_XML/normalized/PMC4829207.json,PMCID resolved from NCBI idconv. NCBI PMC XML downloaded and normalized.
pmid-23756201,23756201,,10.1016/j.mcn.2013.06.001,Hyperoxia causes reduced density of retinal astrocytes in the central avascular zone in the mouse model of oxygen-induced retinopathy.,none,,,missing,not_attempted,yes,missing,,No NCBI PMCID found. Alternate open-access lookup is deferred during PMC-learning to keep early full-text import focused and fast.
pmid-23672649,23672649,PMC3761407,10.1089/ten.TEA.2012.0565,"In vitro development and characterization of a tissue-engineered conduit resembling esophageal wall using human and pig skeletal myoblast, oral epithelial cells, and biologic scaffolds.",ncbi_pmc_xml,,,missing,unusable,yes,missing,,PMCID resolved from NCBI idconv. PMC XML body element is missing. Unusable XML deleted from run artifacts.
pmid-23544078,23544078,PMC3609830,10.1371/journal.pone.0059622,Constitutive expression of Yes-associated protein (Yap) in adult skeletal muscle fibres induces muscle atrophy and myopathy.,ncbi_pmc_xml,,,available,usable,no,not_attempted,/Users/xingmeng/.openclaw/workspaces/staff-scientist-ideker/agent_LiteratureDueDiligence/runs/pax8_protein_level_regulation_20260830/Phase1_PubmedCollection/passes/pass_001/artifacts/fulltext_import/PMC_XML/normalized/PMC3609830.json,PMCID resolved from NCBI idconv. NCBI PMC XML downloaded and normalized.
pmid-23379327,23379327,,10.1089/thy.2012.0267,Identification and functional characterization of a novel mutation in the NKX2-1 gene: comparison with the data in the literature.,none,,,missing,not_attempted,yes,missing,,No NCBI PMCID found. Alternate open-access lookup is deferred during PMC-learning to keep early full-text import focused and fast.
pmid-23055533,23055533,,10.2967/jnumed.111.101295,Antitumor effects of proteasome inhibition in anaplastic thyroid carcinoma.,none,,,missing,not_attempted,yes,missing,,No NCBI PMCID found. Alternate open-access lookup is deferred during PMC-learning to keep early full-text import focused and fast.
pmid-22546857,22546857,PMC3366393,10.1172/JCI45851,CD19 is a major B cell receptor-independent activator of MYC-driven B-lymphomagenesis.,ncbi_pmc_xml,,,missing,unusable,yes,missing,,PMCID resolved from NCBI idconv. PMC XML body element is missing. Unusable XML deleted from run artifacts.
pmid-22427346,22427346,PMC3437618,10.1158/1940-6207.CAPR-11-0526,The chemopreventive effect of mifepristone on mammary tumorigenesis is associated with an anti-invasive and anti-inflammatory gene signature.,ncbi_pmc_xml,,,available,usable,no,not_attempted,/Users/xingmeng/.openclaw/workspaces/staff-scientist-ideker/agent_LiteratureDueDiligence/runs/pax8_protein_level_regulation_20260830/Phase1_PubmedCollection/passes/pass_001/artifacts/fulltext_import/PMC_XML/normalized/PMC3437618.json,PMCID resolved from NCBI idconv. NCBI PMC XML downloaded and normalized.
pmid-22355320,22355320,PMC3280250,10.1371/journal.pone.0030614,Functional redundancy of two Pax-like proteins in transcriptional activation of cyst wall protein genes in Giardia lamblia.,ncbi_pmc_xml,,,available,usable,no,not_attempted,/Users/xingmeng/.openclaw/workspaces/staff-scientist-ideker/agent_LiteratureDueDiligence/runs/pax8_protein_level_regulation_20260830/Phase1_PubmedCollection/passes/pass_001/artifacts/fulltext_import/PMC_XML/normalized/PMC3280250.json,PMCID resolved from NCBI idconv. NCBI PMC XML downloaded and normalized.
pmid-22278416,22278416,,10.1007/s12253-012-9498-8,Epigenetic and copy number variation analysis in retinoblastoma by MS-MLPA.,none,,,missing,not_attempted,yes,missing,,No NCBI PMCID found. Alternate open-access lookup is deferred during PMC-learning to keep early full-text import focused and fast.
pmid-22216266,22216266,PMC3247257,10.1371/journal.pone.0029379,Pax3 stimulates p53 ubiquitination and degradation independent of transcription.,ncbi_pmc_xml,,,available,usable,no,not_attempted,/Users/xingmeng/.openclaw/workspaces/staff-scientist-ideker/agent_LiteratureDueDiligence/runs/pax8_protein_level_regulation_20260830/Phase1_PubmedCollection/passes/pass_001/artifacts/fulltext_import/PMC_XML/normalized/PMC3247257.json,PMCID resolved from NCBI idconv. NCBI PMC XML downloaded and normalized.
pmid-21450989,21450989,PMC3100746,10.1210/jc.2010-2341,Mutations in the NKX2.5 gene and the PAX8 promoter in a girl with thyroid dysgenesis.,ncbi_pmc_xml,,,missing,unusable,yes,missing,,PMCID resolved from NCBI idconv. PMC XML body element is missing. Unusable XML deleted from run artifacts.
pmid-20221250,20221250,PMC2832668,10.1371/journal.pgen.1000870,Papillorenal syndrome-causing missense mutations in PAX2/Pax2 result in hypomorphic alleles in mouse and human.,ncbi_pmc_xml,,,available,usable,no,not_attempted,/Users/xingmeng/.openclaw/workspaces/staff-scientist-ideker/agent_LiteratureDueDiligence/runs/pax8_protein_level_regulation_20260830/Phase1_PubmedCollection/passes/pass_001/artifacts/fulltext_import/PMC_XML/normalized/PMC2832668.json,PMCID resolved from NCBI idconv. NCBI PMC XML downloaded and normalized.
pmid-20032463,20032463,PMC2844168,10.1074/jbc.M109.061861,Histone deacetylase 10 relieves repression on the melanogenic program by maintaining the deacetylation status of repressors.,ncbi_pmc_xml,,,missing,unusable,yes,missing,,PMCID resolved from NCBI idconv. PMC XML body element is missing. Unusable XML deleted from run artifacts.
pmid-20017165,20017165,,10.1002/pros.21099,The developmental expression profile of PAX2 in the murine prostate.,none,,,missing,not_attempted,yes,missing,,No NCBI PMCID found. Alternate open-access lookup is deferred during PMC-learning to keep early full-text import focused and fast.
pmid-20025506,20025506,,10.1089/hyb.2009.0039,Generation of a rat monoclonal antibody specific for Pax7.,none,,,missing,not_attempted,yes,missing,,No NCBI PMCID found. Alternate open-access lookup is deferred during PMC-learning to keep early full-text import focused and fast.
pmid-19531566,19531566,,10.1158/1541-7786.MCR-08-0402,"Calcineurin a-binding protein, a novel modulator of the calcineurin-nuclear factor of activated T-cell signaling pathway, is overexpressed in wilms' tumors and promotes cell migration.",none,,,missing,not_attempted,yes,missing,,No NCBI PMCID found. Alternate open-access lookup is deferred during PMC-learning to keep early full-text import focused and fast.
pmid-19525924,19525924,PMC2736318,10.1038/modpathol.2009.92,PAX2 expression in low malignant potential ovarian tumors and low-grade ovarian serous carcinomas.,ncbi_pmc_xml,,,available,usable,no,not_attempted,/Users/xingmeng/.openclaw/workspaces/staff-scientist-ideker/agent_LiteratureDueDiligence/runs/pax8_protein_level_regulation_20260830/Phase1_PubmedCollection/passes/pass_001/artifacts/fulltext_import/PMC_XML/normalized/PMC2736318.json,PMCID resolved from NCBI idconv. NCBI PMC XML downloaded and normalized.
pmid-19121967,19121967,PMC2702540,10.1016/j.ymgme.2008.11.163,Transcriptomic and network component analysis of glycerol kinase in skeletal muscle using a mouse model of glycerol kinase deficiency.,ncbi_pmc_xml,,,available,usable,no,not_attempted,/Users/xingmeng/.openclaw/workspaces/staff-scientist-ideker/agent_LiteratureDueDiligence/runs/pax8_protein_level_regulation_20260830/Phase1_PubmedCollection/passes/pass_001/artifacts/fulltext_import/PMC_XML/normalized/PMC2702540.json,PMCID resolved from NCBI idconv. NCBI PMC XML downloaded and normalized.
pmid-18974227,18974227,,10.1677/JME-08-0100,Pax8 protein stability is controlled by sumoylation.,none,,,missing,not_attempted,yes,missing,,No NCBI PMCID found. Alternate open-access lookup is deferred during PMC-learning to keep early full-text import focused and fast.
pmid-18829450,18829450,PMC2662260,10.1074/jbc.M805717200,The solution structure of DNA-free Pax-8 paired box domain accounts for redox regulation of transcriptional activity in the pax protein family.,ncbi_pmc_xml,,,missing,unusable,yes,missing,,PMCID resolved from NCBI idconv. PMC XML body element is missing. Unusable XML deleted from run artifacts.
pmid-18708529,18708529,PMC2578802,10.1110/ps.035956.108,Identification of serine 205 as a site of phosphorylation on Pax3 in proliferating but not differentiating primary myoblasts.,ncbi_pmc_xml,,,missing,unusable,yes,missing,,PMCID resolved from NCBI idconv. PMC XML body element is missing. Unusable XML deleted from run artifacts.
pmid-18497074,18497074,,10.1007/978-0-387-69080-3_49,Proteomic analysis of autocrine/paracrine effects of human growth hormone in human mammary carcinoma cells.,none,,,missing,not_attempted,yes,missing,,No NCBI PMCID found. Alternate open-access lookup is deferred during PMC-learning to keep early full-text import focused and fast.
pmid-18395835,18395835,PMC2747029,10.1002/dvg.20384,Cre reporter mouse expressing a nuclear localized fusion of GFP and beta-galactosidase reveals new derivatives of Pax3-expressing precursors.,ncbi_pmc_xml,,,missing,unusable,yes,missing,,PMCID resolved from NCBI idconv. PMC XML body element is missing. Unusable XML deleted from run artifacts.
pmid-17698292,17698292,PMC2043499,10.1016/j.bbagen.2007.06.016,The oncogenic fusion protein Pax3-FKHR has a greater post-translational stability relative to Pax3 during early myogenesis.,ncbi_pmc_xml,,,missing,unusable,yes,missing,,PMCID resolved from NCBI idconv. PMC XML body element is missing. Unusable XML deleted from run artifacts.
pmid-17662948,17662948,,10.1016/j.cell.2007.05.044,Regulation of Pax3 by proteasomal degradation of monoubiquitinated protein in skeletal muscle progenitors.,none,,,missing,not_attempted,yes,missing,,No NCBI PMCID found. Alternate open-access lookup is deferred during PMC-learning to keep early full-text import focused and fast.
pmid-17429055,17429055,PMC2129125,10.1681/ASN.2006060625,Pax transactivation-domain interacting protein is required for urine concentration and osmotolerance in collecting duct epithelia.,ncbi_pmc_xml,,,missing,unusable,yes,missing,,PMCID resolved from NCBI idconv. PMC XML body element is missing. Unusable XML deleted from run artifacts.
pmid-17323927,17323927,,10.1021/bi062107q,Cooperative interactions between the two DNA binding domains of Pax3: helix 2 of the paired domain is in the proximity of the amino terminus of the homeodomain.,none,,,missing,not_attempted,yes,missing,,No NCBI PMCID found. Alternate open-access lookup is deferred during PMC-learning to keep early full-text import focused and fast.
pmid-17056545,17056545,PMC1635549,10.4049/jimmunol.177.9.6165,Epigenetic histone modifications do not control Igkappa locus contraction and intranuclear localization in cells with dual B cell-macrophage potential.,ncbi_pmc_xml,,,missing,unusable,yes,missing,,PMCID resolved from NCBI idconv. PMC XML body element is missing. Unusable XML deleted from run artifacts.
pmid-16885413,16885413,,10.1681/ASN.2005111157,Akt and Mammalian target of rapamycin regulate separate systems of proteolysis in renal tubular cells.,none,,,missing,not_attempted,yes,missing,,No NCBI PMCID found. Alternate open-access lookup is deferred during PMC-learning to keep early full-text import focused and fast.
pmid-16669872,16669872,,10.1111/j.1440-1827.2006.01959.x,Immunohistochemical analysis of thyroid-specific transcription factors in thyroid tumors.,none,,,missing,not_attempted,yes,missing,,No NCBI PMCID found. Alternate open-access lookup is deferred during PMC-learning to keep early full-text import focused and fast.
pmid-16494873,16494873,,10.1016/j.febslet.2006.02.011,Sumoylation of the SOX10 transcription factor regulates its transcriptional activity.,none,,,missing,not_attempted,yes,missing,,No NCBI PMCID found. Alternate open-access lookup is deferred during PMC-learning to keep early full-text import focused and fast.
pmid-16300735,16300735,,10.1016/j.bbrc.2005.10.214,Transcriptional activity of Pax3 is co-activated by TAZ.,none,,,missing,not_attempted,yes,missing,,No NCBI PMCID found. Alternate open-access lookup is deferred during PMC-learning to keep early full-text import focused and fast.
pmid-15355349,15355349,,10.1111/j.1432-1033.2004.04312.x,The HNF1beta transcription factor has several domains involved in nephrogenesis and partially rescues Pax8/lim1-induced kidney malformations.,none,,,missing,not_attempted,yes,missing,,No NCBI PMCID found. Alternate open-access lookup is deferred during PMC-learning to keep early full-text import focused and fast.
pmid-15149326,15149326,,10.1111/j.1523-1755.2004.00639.x,Suppression of chaperone-mediated autophagy in the renal cortex during acute diabetes mellitus.,none,,,missing,not_attempted,yes,missing,,No NCBI PMCID found. Alternate open-access lookup is deferred during PMC-learning to keep early full-text import focused and fast.
pmid-15148315,15148315,,10.1074/jbc.M402949200,"Cross-talk between the paired domain and the homeodomain of Pax3: DNA binding by each domain causes a structural change in the other domain, supporting interdependence for DNA Binding.",none,,,missing,not_attempted,yes,missing,,No NCBI PMCID found. Alternate open-access lookup is deferred during PMC-learning to keep early full-text import focused and fast.
pmid-15143176,15143176,PMC416398,10.1128/MCB.24.11.4824-4834.2004,Paired-type homeodomain transcription factors are imported into the nucleus by karyopherin 13.,ncbi_pmc_xml,,,missing,unusable,yes,missing,,PMCID resolved from NCBI idconv. PMC XML body element is missing. Unusable XML deleted from run artifacts.
pmid-12401804,12401804,,10.1074/jbc.M205424200,"PAX3-FKHR transformation increases 26 S proteasome-dependent degradation of p27Kip1, a potential role for elevated Skp2 expression.",none,,,missing,not_attempted,yes,missing,,No NCBI PMCID found. Alternate open-access lookup is deferred during PMC-learning to keep early full-text import focused and fast.
pmid-11607823,11607823,,10.1038/sj.onc.1204599,Gene fusions involving PAX and FOX family members in alveolar rhabdomyosarcoma.,none,,,missing,not_attempted,yes,missing,,No NCBI PMCID found. Alternate open-access lookup is deferred during PMC-learning to keep early full-text import focused and fast.
pmid-11601392,11601392,,,[In vitro modelling of the interactions between the promoter and enhancer complexes].,none,,,missing,not_attempted,yes,missing,,No NCBI PMCID found. Alternate open-access lookup is deferred during PMC-learning to keep early full-text import focused and fast.
pmid-11244500,11244500,,10.1038/sj.onc.1204063,Regulation of Pax3 transcriptional activity by SUMO-1-modified PML.,none,,,missing,not_attempted,yes,missing,,No NCBI PMCID found. Alternate open-access lookup is deferred during PMC-learning to keep early full-text import focused and fast.
pmid-11059777,11059777,,,Hormone-dependent tumor regression in vivo by an inducible transcriptional repressor directed at the PAX3-FKHR oncogene.,none,,,missing,not_attempted,yes,missing,,No NCBI PMCID found. Alternate open-access lookup is deferred during PMC-learning to keep early full-text import focused and fast.
pmid-10841026,10841026,,10.1034/j.1600-0749.2000.130203.x,Cyclic AMP a key messenger in the regulation of skin pigmentation.,none,,,missing,not_attempted,yes,missing,,No NCBI PMCID found. Alternate open-access lookup is deferred during PMC-learning to keep early full-text import focused and fast.
pmid-10748034,10748034,,10.1074/jbc.M001551200,BSAP (Pax5)-importin alpha 1 (Rch1) interaction identifies a nuclear localization sequence.,none,,,missing,not_attempted,yes,missing,,No NCBI PMCID found. Alternate open-access lookup is deferred during PMC-learning to keep early full-text import focused and fast.
pmid-9737963,9737963,,10.1074/jbc.273.39.25062,Redox potential controls the structure and DNA binding activity of the paired domain.,none,,,missing,not_attempted,yes,missing,,No NCBI PMCID found. Alternate open-access lookup is deferred during PMC-learning to keep early full-text import focused and fast.
pmid-9588891,9588891,PMC1858586,,Short-term urinary flow impairment deregulates PAX2 and PCNA expression and cell survival in fetal sheep kidneys.,ncbi_pmc_xml,,,missing,unusable,yes,missing,,PMCID resolved from NCBI idconv. PMC XML body element is missing. Unusable XML deleted from run artifacts.
pmid-9459485,9459485,,10.1016/s0167-4889(97)00119-5,Effects of PAX2 expression in a human fetal kidney (HEK293) cell line.,none,,,missing,not_attempted,yes,missing,,No NCBI PMCID found. Alternate open-access lookup is deferred during PMC-learning to keep early full-text import focused and fast.
pmid-9288908,9288908,,10.1111/j.1432-1033.1997.00860.x,Determination of functional domains of the human transcription factor PAX8 responsible for its nuclear localization and transactivating potential.,none,,,missing,not_attempted,yes,missing,,No NCBI PMCID found. Alternate open-access lookup is deferred during PMC-learning to keep early full-text import focused and fast.
