paper_id,pmid,doi,title,import_status,match_method,match_score,source_filename,staged_pdf_path,notes
pmid-39981965,39981965,10.1080/10715762.2025.2470900,Down-regulation of Selenoprotein K impairs the proliferation and differentiation of chicken skeletal muscle satellite cells by inhibiting the Nrf2 antioxidant signaling pathway.,missing,,,,,No matching PDF found in the provided downloads directory.
pmid-39179932,39179932,10.1038/s41590-024-01933-7,"Transcriptional function of E2A, Ebf1, Pax5, Ikaros and Aiolos analyzed by in vivo acute protein degradation in early B cell development.",missing,,,,,No matching PDF found in the provided downloads directory.
pmid-39044030,39044030,10.1007/s00421-024-05565-5,"A single, maximal dose of celecoxib, ibuprofen, or flurbiprofen does not reduce the muscle signalling response to plyometric exercise in young healthy adults.",missing,,,,,No matching PDF found in the provided downloads directory.
pmid-36892588,36892588,10.1007/s00223-023-01073-4,Urotensin II can Induce Skeletal Muscle Atrophy Associated with Upregulating Ubiquitin-Proteasome System and Inhibiting the Differentiation of Satellite Cells in CRF Mice.,missing,,,,,No matching PDF found in the provided downloads directory.
pmid-34852207,34852207,10.1152/ajpcell.00344.2021,Aerobic exercise and resistance exercise alleviate skeletal muscle atrophy through IGF-1/IGF-1R-PI3K/Akt pathway in mice with myocardial infarction.,missing,,,,,No matching PDF found in the provided downloads directory.
pmid-34340000,34340000,10.1016/j.aquatox.2021.105926,Behavioral effects of early-life exposure to perfluorooctanoic acid might synthetically link to multiple aspects of dopaminergic neuron development and dopamine functions in zebrafish larvae.,missing,,,,,No matching PDF found in the provided downloads directory.
pmid-33660125,33660125,10.1007/s11655-021-2865-0,Wide Pulse Width Electroacupuncture Ameliorates Denervation-Induced Skeletal Muscle Atrophy in Rats via IGF-1/PI3K/Akt Pathway.,missing,,,,,No matching PDF found in the provided downloads directory.
pmid-33571646,33571646,10.1016/j.aanat.2021.151694,Localization of T-cell factor 4 positive fibroblasts and CD206-positive macrophages during skeletal muscle regeneration in mice.,staged,title_overlap,1.000,Localization of T-cell factor 4 positive fibroblasts and CD206-positive macrophages during skeletal muscle regeneration in mice.pdf,/Users/xingmeng/.openclaw/workspaces/staff-scientist-ideker/agent_LiteratureDueDiligence/runs/pax8_protein_level_regulation_20260830/Phase1_PubmedCollection/passes/pass_002/artifacts/fulltext_import/PDF/PMID 33571646.pdf,PDF moved into workflow store as PMID 33571646.pdf for downstream parsing and normalization.
pmid-32693409,32693409,10.1182/blood.2020006164,Molecular basis of ETV6-mediated predisposition to childhood acute lymphoblastic leukemia.,missing,,,,,No matching PDF found in the provided downloads directory.
pmid-32841355,32841355,10.1210/clinem/dgaa584,Congenital Hypothyroidism Due to Truncating PAX8 Mutations: A Case Series and Molecular Function Studies.,missing,,,,,No matching PDF found in the provided downloads directory.
pmid-31441945,31441945,10.1111/cup.13571,Concurrent cutaneous localization of Langerhans cell sarcoma and chronic lymphocytic leukemia/small lymphocytic lymphoma in a patient with a history of chronic lymphocytic leukemia/small lymphocytic lymphoma.,missing,,,,,No matching PDF found in the provided downloads directory.
pmid-31494105,31494105,10.1016/j.cbi.2019.108813,"""Verteporfin exhibits anti-proliferative activity in embryonal and alveolar rhabdomyosarcoma cell lines"".",missing,,,,,No matching PDF found in the provided downloads directory.
pmid-30676333,30676333,10.1097/PAS.0000000000001219,Adenocarcinoma of the Rete Testis: Clinicopathologic and Immunohistochemical Characterization of 6 Cases and Review of the Literature.,missing,,,,,No matching PDF found in the provided downloads directory.
pmid-30352879,30352879,10.2337/db18-0285,"Transient PAX8 Expression in Islets During Pregnancy Correlates With β-Cell Survival, Revealing a Novel Candidate Gene in Gestational Diabetes Mellitus.",missing,,,,,No matching PDF found in the provided downloads directory.
pmid-29561272,29561272,10.1097/PAI.0000000000000635,Novel Finding of Paired Box 5 (PAX5) Cytoplasmic Staining in Well-differentiated Rectal Neuroendocrine Tumors (Carcinoids) and Its Diagnostic and Potentially Prognostic Utility.,missing,,,,,No matching PDF found in the provided downloads directory.
pmid-29996314,29996314,10.3760/cma.j.issn.0529-5807.2018.07.005,"[Clinicopathologic and molecular characterizations of Sertoli cell tumor, not otherwise specified of the testis].",missing,,,,,No matching PDF found in the provided downloads directory.
pmid-29442331,29442331,10.1007/978-981-10-7311-3_18,Role of Zic Family Proteins in Transcriptional Regulation and Chromatin Remodeling.,staged,title_overlap,1.000,Role of Zic Family Proteins in Transcriptional Regulation and Chromatin Remodeling.pdf,/Users/xingmeng/.openclaw/workspaces/staff-scientist-ideker/agent_LiteratureDueDiligence/runs/pax8_protein_level_regulation_20260830/Phase1_PubmedCollection/passes/pass_002/artifacts/fulltext_import/PDF/PMID 29442331.pdf,PDF moved into workflow store as PMID 29442331.pdf for downstream parsing and normalization.
pmid-24645679,24645679,10.1210/me.2013-1377,Wnt-independent role of β-catenin in thyroid cell proliferation and differentiation.,staged,title_overlap,1.000,Wnt-independent role of beta-catenin in thyroid cell proliferation and differentiation.pdf,/Users/xingmeng/.openclaw/workspaces/staff-scientist-ideker/agent_LiteratureDueDiligence/runs/pax8_protein_level_regulation_20260830/Phase1_PubmedCollection/passes/pass_002/artifacts/fulltext_import/PDF/PMID 24645679.pdf,PDF moved into workflow store as PMID 24645679.pdf for downstream parsing and normalization.
pmid-23055533,23055533,10.2967/jnumed.111.101295,Antitumor effects of proteasome inhibition in anaplastic thyroid carcinoma.,missing,,,,,No matching PDF found in the provided downloads directory.
pmid-21450989,21450989,10.1210/jc.2010-2341,Mutations in the NKX2.5 gene and the PAX8 promoter in a girl with thyroid dysgenesis.,staged,title_overlap,1.000,Mutations in the NKX2.5 gene and the PAX8 promoter in a girl with thyroid dysgenesis.pdf,/Users/xingmeng/.openclaw/workspaces/staff-scientist-ideker/agent_LiteratureDueDiligence/runs/pax8_protein_level_regulation_20260830/Phase1_PubmedCollection/passes/pass_002/artifacts/fulltext_import/PDF/PMID 21450989.pdf,PDF moved into workflow store as PMID 21450989.pdf for downstream parsing and normalization.
pmid-17056545,17056545,10.4049/jimmunol.177.9.6165,Epigenetic histone modifications do not control Igkappa locus contraction and intranuclear localization in cells with dual B cell-macrophage potential.,staged,title_overlap,1.000,Epigenetic histone modifications do not control Igkappa locus contraction and intranuclear localization in cells with dual B cell-macrophage potential.pdf,/Users/xingmeng/.openclaw/workspaces/staff-scientist-ideker/agent_LiteratureDueDiligence/runs/pax8_protein_level_regulation_20260830/Phase1_PubmedCollection/passes/pass_002/artifacts/fulltext_import/PDF/PMID 17056545.pdf,PDF moved into workflow store as PMID 17056545.pdf for downstream parsing and normalization.
pmid-16669872,16669872,10.1111/j.1440-1827.2006.01959.x,Immunohistochemical analysis of thyroid-specific transcription factors in thyroid tumors.,missing,,,,,No matching PDF found in the provided downloads directory.
pmid-15148315,15148315,10.1074/jbc.M402949200,"Cross-talk between the paired domain and the homeodomain of Pax3: DNA binding by each domain causes a structural change in the other domain, supporting interdependence for DNA Binding.",missing,,,,,No matching PDF found in the provided downloads directory.
pmid-11601392,11601392,,[In vitro modelling of the interactions between the promoter and enhancer complexes].,missing,,,,,No matching PDF found in the provided downloads directory.
pmid-11059777,11059777,,Hormone-dependent tumor regression in vivo by an inducible transcriptional repressor directed at the PAX3-FKHR oncogene.,staged,title_overlap,1.000,Hormone-dependent tumor regression in vivo by an inducible transcriptional repressor directed at the PAX3-FKHR oncogene.pdf,/Users/xingmeng/.openclaw/workspaces/staff-scientist-ideker/agent_LiteratureDueDiligence/runs/pax8_protein_level_regulation_20260830/Phase1_PubmedCollection/passes/pass_002/artifacts/fulltext_import/PDF/PMID 11059777.pdf,PDF moved into workflow store as PMID 11059777.pdf for downstream parsing and normalization.
