paper_id,pmid,pmcid,doi,title,year,publication_types,final_decision,final_rationale,selection_basis,fulltext_access_status,normalized_source_type,normalized_path,review_confidence
pmid-42533127,42533127,,10.1007/s00467-026-07496-z,Novel PAX2 variants and phenotypic heterogeneity in pediatric kidney disease: a single-center retrospective study.,2026,Journal Article,selected_for_reading,"A title, sentence, or local section-level window connects primary run entities, declared mechanism/evidence terms, and required outcome terms.",fulltext_review,readable,pdf_grobid,/Users/xingmeng/.openclaw/workspaces/staff-scientist-ideker/agent_LiteratureDueDiligence/runs/pax8_protein_level_regulation_20260830/Phase1_PubmedCollection/passes/pass_002/artifacts/fulltext_import/PDF/normalized/pmid-42533127.json,high
pmid-42471738,42471738,,10.1186/s13062-026-00905-1,PAX5 alleviates atherosclerosis by transcriptionally regulating GSDMD and inhibiting STAT3-mediated pyroptosis.,2026,Journal Article,selected_for_reading,"A title, sentence, or local section-level window connects primary run entities, declared mechanism/evidence terms, and required outcome terms.",fulltext_review,readable,pdf_grobid,/Users/xingmeng/.openclaw/workspaces/staff-scientist-ideker/agent_LiteratureDueDiligence/runs/pax8_protein_level_regulation_20260830/Phase1_PubmedCollection/passes/pass_002/artifacts/fulltext_import/PDF/normalized/pmid-42471738.json,high
pmid-41417852,41417852,PMC12716760,10.1371/journal.pone.0338446,Deciphering the pathogenicity of three NKX2-1 variants in ultra-severe forms of childhood interstitial lung disease.,2025,Journal Article,selected_for_reading,"Full text has primary-topic, declared-evidence, and outcome overlap and supports an explicit review-frame retention role.",fulltext_review,readable,pmc_xml,/Users/xingmeng/.openclaw/workspaces/staff-scientist-ideker/agent_LiteratureDueDiligence/runs/pax8_protein_level_regulation_20260830/Phase1_PubmedCollection/passes/pass_002/artifacts/fulltext_import/PMC_XML/normalized/PMC12716760.json,medium
pmid-40229275,40229275,PMC11997201,10.1038/s41467-025-58872-6,Programmable protein stabilization with language model-derived peptide guides.,2025,Journal Article,selected_for_reading,"Full text has primary-topic, declared-evidence, and outcome overlap and supports an explicit review-frame retention role.",fulltext_review,readable,pmc_xml,/Users/xingmeng/.openclaw/workspaces/staff-scientist-ideker/agent_LiteratureDueDiligence/runs/pax8_protein_level_regulation_20260830/Phase1_PubmedCollection/passes/pass_002/artifacts/fulltext_import/PMC_XML/normalized/PMC11997201.json,medium
pmid-40119193,40119193,,10.1038/s41590-025-02139-1,"Author Correction: Transcriptional function of E2A, Ebf1, Pax5, Ikaros and Aiolos analyzed by in vivo acute protein degradation in early B cell development.",2025,Published Erratum,selected_for_reading,"A title, sentence, or local section-level window connects primary run entities, declared mechanism/evidence terms, and required outcome terms.",fulltext_review,readable,pdf_grobid,/Users/xingmeng/.openclaw/workspaces/staff-scientist-ideker/agent_LiteratureDueDiligence/runs/pax8_protein_level_regulation_20260830/Phase1_PubmedCollection/passes/pass_002/artifacts/fulltext_import/PDF/normalized/pmid-40119193.json,high
pmid-39424985,39424985,PMC11588656,10.1038/s41590-024-01995-7,A SIRT7-dependent acetylation switch regulates early B cell differentiation and lineage commitment through Pax5.,2024,Journal Article,selected_for_reading,"A title, sentence, or local section-level window connects primary run entities, declared mechanism/evidence terms, and required outcome terms.",fulltext_review,readable,pmc_xml,/Users/xingmeng/.openclaw/workspaces/staff-scientist-ideker/agent_LiteratureDueDiligence/runs/pax8_protein_level_regulation_20260830/Phase1_PubmedCollection/passes/pass_002/artifacts/fulltext_import/PMC_XML/normalized/PMC11588656.json,high
pmid-39256480,39256480,PMC11528059,10.1038/s41423-024-01213-2,Rack1 regulates B-cell development and function by binding to and stabilizing the transcription factor Pax5.,2024,"Journal Article;Research Support, Non-U.S. Gov't",selected_for_reading,"A title, sentence, or local section-level window connects primary run entities, declared mechanism/evidence terms, and required outcome terms.",fulltext_review,readable,pdf_grobid,/Users/xingmeng/.openclaw/workspaces/staff-scientist-ideker/agent_LiteratureDueDiligence/runs/pax8_protein_level_regulation_20260830/Phase1_PubmedCollection/passes/pass_002/artifacts/fulltext_import/PDF/normalized/pmid-39256480.json,high
pmid-39108486,39108486,PMC11302690,10.21203/rs.3.rs-4670386/v1,Programmable Protein Stabilization with Language Model-Derived Peptide Guides.,2024,Journal Article;Preprint,selected_for_reading,"Full text has primary-topic, declared-evidence, and outcome overlap and supports an explicit review-frame retention role.",fulltext_review,readable,pmc_xml,/Users/xingmeng/.openclaw/workspaces/staff-scientist-ideker/agent_LiteratureDueDiligence/runs/pax8_protein_level_regulation_20260830/Phase1_PubmedCollection/passes/pass_002/artifacts/fulltext_import/PMC_XML/normalized/PMC11302690.json,medium
pmid-39094501,39094501,PMC11345595,10.1016/j.psj.2024.104075,In ovo betaine injection improves breast muscle growth in newly hatched goslings through FXR/IGF-2 pathway.,2024,Journal Article,selected_for_reading,"A title, sentence, or local section-level window connects primary run entities, declared mechanism/evidence terms, and required outcome terms.",fulltext_review,readable,pmc_xml,/Users/xingmeng/.openclaw/workspaces/staff-scientist-ideker/agent_LiteratureDueDiligence/runs/pax8_protein_level_regulation_20260830/Phase1_PubmedCollection/passes/pass_002/artifacts/fulltext_import/PMC_XML/normalized/PMC11345595.json,high
pmid-38776375,38776375,PMC11145296,10.1073/pnas.2314619121,SUMO-specific protease 1 regulates germinal center B cell response through deSUMOylation of PAX5.,2024,Journal Article,selected_for_reading,"A title, sentence, or local section-level window connects primary run entities, declared mechanism/evidence terms, and required outcome terms.",fulltext_review,readable,pmc_xml,/Users/xingmeng/.openclaw/workspaces/staff-scientist-ideker/agent_LiteratureDueDiligence/runs/pax8_protein_level_regulation_20260830/Phase1_PubmedCollection/passes/pass_002/artifacts/fulltext_import/PMC_XML/normalized/PMC11145296.json,high
pmid-36860866,36860866,PMC9969136,10.3389/fimmu.2023.1089243,An arrayed CRISPR screen of primary B cells reveals the essential elements of the antibody secretion pathway.,2023,"Journal Article;Research Support, Non-U.S. Gov't",selected_for_reading,"Full text has primary-topic, declared-evidence, and outcome overlap and supports an explicit review-frame retention role.",fulltext_review,readable,pmc_xml,/Users/xingmeng/.openclaw/workspaces/staff-scientist-ideker/agent_LiteratureDueDiligence/runs/pax8_protein_level_regulation_20260830/Phase1_PubmedCollection/passes/pass_002/artifacts/fulltext_import/PMC_XML/normalized/PMC9969136.json,medium
pmid-36733766,36733766,PMC9888430,10.3389/fped.2022.978598,Deciphering an isolated lung phenotype of NKX2-1 frameshift pathogenic variant.,2022,Journal Article,selected_for_reading,"Full text has primary-topic, declared-evidence, and outcome overlap and supports an explicit review-frame retention role.",fulltext_review,readable,pmc_xml,/Users/xingmeng/.openclaw/workspaces/staff-scientist-ideker/agent_LiteratureDueDiligence/runs/pax8_protein_level_regulation_20260830/Phase1_PubmedCollection/passes/pass_002/artifacts/fulltext_import/PMC_XML/normalized/PMC9888430.json,medium
pmid-35920196,35920196,PMC9827955,10.3724/abbs.2022043,PHD3 inhibits cell proliferation through hydroxylation of PAX2 at proline 9.,2022,Journal Article,selected_for_reading,"A title, sentence, or local section-level window connects primary run entities, declared mechanism/evidence terms, and required outcome terms.",fulltext_review,readable,pmc_xml,/Users/xingmeng/.openclaw/workspaces/staff-scientist-ideker/agent_LiteratureDueDiligence/runs/pax8_protein_level_regulation_20260830/Phase1_PubmedCollection/passes/pass_002/artifacts/fulltext_import/PMC_XML/normalized/PMC9827955.json,high
pmid-33777928,33777928,PMC7990767,10.3389/fcell.2021.606403,c-Abl Kinase Is Required for Satellite Cell Function Through Pax7 Regulation.,2021,Journal Article,selected_for_reading,"A title, sentence, or local section-level window connects primary run entities, declared mechanism/evidence terms, and required outcome terms.",fulltext_review,readable,pmc_xml,/Users/xingmeng/.openclaw/workspaces/staff-scientist-ideker/agent_LiteratureDueDiligence/runs/pax8_protein_level_regulation_20260830/Phase1_PubmedCollection/passes/pass_002/artifacts/fulltext_import/PMC_XML/normalized/PMC7990767.json,high
pmid-32401642,32401642,PMC8143243,10.1080/15548627.2020.1752548,Autophagy in the physiological endometrium and cancer.,2021,"Journal Article;Research Support, Non-U.S. Gov't;Review",selected_for_reading,"A title, sentence, or local section-level window connects primary run entities, declared mechanism/evidence terms, and required outcome terms.",fulltext_review,readable,pmc_xml,/Users/xingmeng/.openclaw/workspaces/staff-scientist-ideker/agent_LiteratureDueDiligence/runs/pax8_protein_level_regulation_20260830/Phase1_PubmedCollection/passes/pass_002/artifacts/fulltext_import/PMC_XML/normalized/PMC8143243.json,high
pmid-32115872,32115872,,10.1111/febs.15269,USP7-dependent control of myogenin stability is required for terminal differentiation in skeletal muscle progenitors.,2020,"Journal Article;Research Support, Non-U.S. Gov't",selected_for_reading,"Full text has primary-topic, declared-evidence, and outcome overlap and supports an explicit review-frame retention role.",fulltext_review,readable,pdf_grobid,/Users/xingmeng/.openclaw/workspaces/staff-scientist-ideker/agent_LiteratureDueDiligence/runs/pax8_protein_level_regulation_20260830/Phase1_PubmedCollection/passes/pass_002/artifacts/fulltext_import/PDF/normalized/pmid-32115872.json,medium
pmid-32010341,32010341,PMC6966193,10.3892/etm.2019.8392,Regulation of immune response by S-1-propenylcysteine through autophagy-mediated protein degradation.,2020,Journal Article;Review,selected_for_reading,"Full text has primary-topic, declared-evidence, and outcome overlap and supports an explicit review-frame retention role.",fulltext_review,readable,pmc_xml,/Users/xingmeng/.openclaw/workspaces/staff-scientist-ideker/agent_LiteratureDueDiligence/runs/pax8_protein_level_regulation_20260830/Phase1_PubmedCollection/passes/pass_002/artifacts/fulltext_import/PMC_XML/normalized/PMC6966193.json,medium
pmid-31751626,31751626,,10.1016/j.mce.2019.110638,Defects in protein folding in congenital hypothyroidism.,2020,"Journal Article;Research Support, Non-U.S. Gov't;Review",selected_for_reading,"Full text has primary-topic, declared-evidence, and outcome overlap and supports an explicit review-frame retention role.",fulltext_review,readable,pdf_grobid,/Users/xingmeng/.openclaw/workspaces/staff-scientist-ideker/agent_LiteratureDueDiligence/runs/pax8_protein_level_regulation_20260830/Phase1_PubmedCollection/passes/pass_002/artifacts/fulltext_import/PDF/normalized/pmid-31751626.json,medium
pmid-31738430,31738430,,10.1093/jbcr/irz190,Muscle Homeostasis Is Disrupted in Burned Adults.,2020,"Journal Article;Research Support, Non-U.S. Gov't;Research Support, U.S. Gov't, Non-P.H.S.",selected_for_reading,"A title, sentence, or local section-level window connects primary run entities, declared mechanism/evidence terms, and required outcome terms.",fulltext_review,readable,pdf_grobid,/Users/xingmeng/.openclaw/workspaces/staff-scientist-ideker/agent_LiteratureDueDiligence/runs/pax8_protein_level_regulation_20260830/Phase1_PubmedCollection/passes/pass_002/artifacts/fulltext_import/PDF/normalized/pmid-31738430.json,high
pmid-31391550,31391550,,10.1038/s41388-019-0907-2,HBx regulates transcription factor PAX8 stabilization to promote the progression of hepatocellular carcinoma.,2019,"Journal Article;Research Support, Non-U.S. Gov't",selected_for_reading,"A title, sentence, or local section-level window connects primary run entities, declared mechanism/evidence terms, and required outcome terms.",fulltext_review,readable,pdf_grobid,/Users/xingmeng/.openclaw/workspaces/staff-scientist-ideker/agent_LiteratureDueDiligence/runs/pax8_protein_level_regulation_20260830/Phase1_PubmedCollection/passes/pass_002/artifacts/fulltext_import/PDF/normalized/pmid-31391550.json,high
pmid-28700649,28700649,PMC5507275,10.1371/journal.pone.0180868,Autophagy mediates cell cycle response by regulating nucleocytoplasmic transport of PAX6 in limbal stem cells under ultraviolet-A stress.,2017,Journal Article,selected_for_reading,"A title, sentence, or local section-level window connects primary run entities, declared mechanism/evidence terms, and required outcome terms.",fulltext_review,readable,pmc_xml,/Users/xingmeng/.openclaw/workspaces/staff-scientist-ideker/agent_LiteratureDueDiligence/runs/pax8_protein_level_regulation_20260830/Phase1_PubmedCollection/passes/pass_002/artifacts/fulltext_import/PMC_XML/normalized/PMC5507275.json,high
pmid-27144531,27144531,PMC4856311,10.1371/journal.pone.0154919,Ck2-Dependent Phosphorylation Is Required to Maintain Pax7 Protein Levels in Proliferating Muscle Progenitors.,2016,"Journal Article;Research Support, N.I.H., Extramural;Research Support, Non-U.S. Gov't",selected_for_reading,"A title, sentence, or local section-level window connects primary run entities, declared mechanism/evidence terms, and required outcome terms.",fulltext_review,readable,pmc_xml,/Users/xingmeng/.openclaw/workspaces/staff-scientist-ideker/agent_LiteratureDueDiligence/runs/pax8_protein_level_regulation_20260830/Phase1_PubmedCollection/passes/pass_002/artifacts/fulltext_import/PMC_XML/normalized/PMC4856311.json,high
pmid-27144473,27144473,PMC5019118,10.1002/stem.2396,Barx2 and Pax7 Regulate Axin2 Expression in Myoblasts by Interaction with β-Catenin and Chromatin Remodelling.,2016,"Journal Article;Research Support, N.I.H., Extramural;Research Support, Non-U.S. Gov't",selected_for_reading,"A title, sentence, or local section-level window connects primary run entities, declared mechanism/evidence terms, and required outcome terms.",fulltext_review,readable,pmc_xml,/Users/xingmeng/.openclaw/workspaces/staff-scientist-ideker/agent_LiteratureDueDiligence/runs/pax8_protein_level_regulation_20260830/Phase1_PubmedCollection/passes/pass_002/artifacts/fulltext_import/PMC_XML/normalized/PMC5019118.json,high
pmid-26811269,26811269,,10.1111/pin.12387,Interaction between thyrocytes and adipose tissue in vitro.,2016,Journal Article,selected_for_reading,"Full text has primary-topic, declared-evidence, and outcome overlap and supports an explicit review-frame retention role.",fulltext_review,readable,pdf_grobid,/Users/xingmeng/.openclaw/workspaces/staff-scientist-ideker/agent_LiteratureDueDiligence/runs/pax8_protein_level_regulation_20260830/Phase1_PubmedCollection/passes/pass_002/artifacts/fulltext_import/PDF/normalized/pmid-26811269.json,medium
pmid-26304770,26304770,PMC4579044,10.1002/stem.2125,NEDD4 Regulates PAX7 Levels Promoting Activation of the Differentiation Program in Skeletal Muscle Precursors.,2015,"Journal Article;Research Support, N.I.H., Extramural;Research Support, Non-U.S. Gov't",selected_for_reading,"A title, sentence, or local section-level window connects primary run entities, declared mechanism/evidence terms, and required outcome terms.",fulltext_review,readable,pmc_xml,/Users/xingmeng/.openclaw/workspaces/staff-scientist-ideker/agent_LiteratureDueDiligence/runs/pax8_protein_level_regulation_20260830/Phase1_PubmedCollection/passes/pass_002/artifacts/fulltext_import/PMC_XML/normalized/PMC4579044.json,high
pmid-26024302,26024302,,10.1021/acs.chemrestox.5b00036,Arsenic and Its Methylated Metabolites Inhibit the Differentiation of Neural Plate Border Specifier Cells.,2015,"Journal Article;Research Support, N.I.H., Extramural",selected_for_reading,"A title, sentence, or local section-level window connects primary run entities, declared mechanism/evidence terms, and required outcome terms.",fulltext_review,readable,pdf_grobid,/Users/xingmeng/.openclaw/workspaces/staff-scientist-ideker/agent_LiteratureDueDiligence/runs/pax8_protein_level_regulation_20260830/Phase1_PubmedCollection/passes/pass_002/artifacts/fulltext_import/PDF/normalized/pmid-26024302.json,high
pmid-25880082,25880082,PMC4399949,10.1371/journal.pone.0124154,Mechanisms contributing to differential regulation of PAX3 downstream target genes in normal human epidermal melanocytes versus melanoma cells.,2015,"Journal Article;Research Support, Non-U.S. Gov't",selected_for_reading,"A title, sentence, or local section-level window connects primary run entities, declared mechanism/evidence terms, and required outcome terms.",fulltext_review,readable,pmc_xml,/Users/xingmeng/.openclaw/workspaces/staff-scientist-ideker/agent_LiteratureDueDiligence/runs/pax8_protein_level_regulation_20260830/Phase1_PubmedCollection/passes/pass_002/artifacts/fulltext_import/PMC_XML/normalized/PMC4399949.json,high
pmid-25025573,25025573,,10.1016/j.cellsig.2014.07.006,Ret finger protein mediates Pax7-induced ubiquitination of MyoD in skeletal muscle atrophy.,2014,"Journal Article;Research Support, Non-U.S. Gov't",selected_for_reading,"A title, sentence, or local section-level window connects primary run entities, declared mechanism/evidence terms, and required outcome terms.",fulltext_review,readable,pdf_grobid,/Users/xingmeng/.openclaw/workspaces/staff-scientist-ideker/agent_LiteratureDueDiligence/runs/pax8_protein_level_regulation_20260830/Phase1_PubmedCollection/passes/pass_002/artifacts/fulltext_import/PDF/normalized/pmid-25025573.json,high
pmid-24645679,24645679,PMC5414850,10.1210/me.2013-1377,Wnt-independent role of β-catenin in thyroid cell proliferation and differentiation.,2014,"Journal Article;Research Support, Non-U.S. Gov't",selected_for_reading,"A title, sentence, or local section-level window connects primary run entities, declared mechanism/evidence terms, and required outcome terms.",fulltext_review,readable,pdf_grobid,/Users/xingmeng/.openclaw/workspaces/staff-scientist-ideker/agent_LiteratureDueDiligence/runs/pax8_protein_level_regulation_20260830/Phase1_PubmedCollection/passes/pass_002/artifacts/fulltext_import/PDF/normalized/pmid-24645679.json,high
pmid-24613379,24613379,PMC4493911,10.1016/j.freeradbiomed.2014.02.023,Nrf2 deficiency promotes apoptosis and impairs PAX7/MyoD expression in aging skeletal muscle cells.,2014,"Journal Article;Research Support, N.I.H., Extramural;Research Support, Non-U.S. Gov't",selected_for_reading,"A title, sentence, or local section-level window connects primary run entities, declared mechanism/evidence terms, and required outcome terms.",fulltext_review,readable,pmc_xml,/Users/xingmeng/.openclaw/workspaces/staff-scientist-ideker/agent_LiteratureDueDiligence/runs/pax8_protein_level_regulation_20260830/Phase1_PubmedCollection/passes/pass_002/artifacts/fulltext_import/PMC_XML/normalized/PMC4493911.json,high
pmid-24435167,24435167,,10.1158/1541-7786.MCR-13-0337,Functional heterogeneity of PAX5 chimeras reveals insight for leukemia development.,2014,"Journal Article;Research Support, Non-U.S. Gov't",selected_for_reading,"A title, sentence, or local section-level window connects primary run entities, declared mechanism/evidence terms, and required outcome terms.",fulltext_review,readable,pdf_grobid,/Users/xingmeng/.openclaw/workspaces/staff-scientist-ideker/agent_LiteratureDueDiligence/runs/pax8_protein_level_regulation_20260830/Phase1_PubmedCollection/passes/pass_002/artifacts/fulltext_import/PDF/normalized/pmid-24435167.json,high
pmid-24062260,24062260,PMC4829207,10.1007/s10577-013-9381-9,"Emerin and histone deacetylase 3 (HDAC3) cooperatively regulate expression and nuclear positions of MyoD, Myf5, and Pax7 genes during myogenesis.",2013,"Journal Article;Research Support, N.I.H., Extramural;Research Support, Non-U.S. Gov't",selected_for_reading,"A title, sentence, or local section-level window connects primary run entities, declared mechanism/evidence terms, and required outcome terms.",fulltext_review,readable,pmc_xml,/Users/xingmeng/.openclaw/workspaces/staff-scientist-ideker/agent_LiteratureDueDiligence/runs/pax8_protein_level_regulation_20260830/Phase1_PubmedCollection/passes/pass_002/artifacts/fulltext_import/PMC_XML/normalized/PMC4829207.json,high
pmid-23756201,23756201,,10.1016/j.mcn.2013.06.001,Hyperoxia causes reduced density of retinal astrocytes in the central avascular zone in the mouse model of oxygen-induced retinopathy.,2013,Journal Article,selected_for_reading,"A title, sentence, or local section-level window connects primary run entities, declared mechanism/evidence terms, and required outcome terms.",fulltext_review,readable,pdf_grobid,/Users/xingmeng/.openclaw/workspaces/staff-scientist-ideker/agent_LiteratureDueDiligence/runs/pax8_protein_level_regulation_20260830/Phase1_PubmedCollection/passes/pass_002/artifacts/fulltext_import/PDF/normalized/pmid-23756201.json,high
pmid-22355320,22355320,PMC3280250,10.1371/journal.pone.0030614,Functional redundancy of two Pax-like proteins in transcriptional activation of cyst wall protein genes in Giardia lamblia.,2012,"Journal Article;Research Support, Non-U.S. Gov't",selected_for_reading,"A title, sentence, or local section-level window connects primary run entities, declared mechanism/evidence terms, and required outcome terms.",fulltext_review,readable,pmc_xml,/Users/xingmeng/.openclaw/workspaces/staff-scientist-ideker/agent_LiteratureDueDiligence/runs/pax8_protein_level_regulation_20260830/Phase1_PubmedCollection/passes/pass_002/artifacts/fulltext_import/PMC_XML/normalized/PMC3280250.json,high
pmid-22216266,22216266,PMC3247257,10.1371/journal.pone.0029379,Pax3 stimulates p53 ubiquitination and degradation independent of transcription.,2011,"Journal Article;Research Support, N.I.H., Extramural",selected_for_reading,"A title, sentence, or local section-level window connects primary run entities, declared mechanism/evidence terms, and required outcome terms.",fulltext_review,readable,pmc_xml,/Users/xingmeng/.openclaw/workspaces/staff-scientist-ideker/agent_LiteratureDueDiligence/runs/pax8_protein_level_regulation_20260830/Phase1_PubmedCollection/passes/pass_002/artifacts/fulltext_import/PMC_XML/normalized/PMC3247257.json,high
pmid-21450989,21450989,PMC3100746,10.1210/jc.2010-2341,Mutations in the NKX2.5 gene and the PAX8 promoter in a girl with thyroid dysgenesis.,2011,"Case Reports;Journal Article;Research Support, N.I.H., Extramural;Research Support, Non-U.S. Gov't",selected_for_reading,"A title, sentence, or local section-level window connects primary run entities, declared mechanism/evidence terms, and required outcome terms.",fulltext_review,readable,pdf_grobid,/Users/xingmeng/.openclaw/workspaces/staff-scientist-ideker/agent_LiteratureDueDiligence/runs/pax8_protein_level_regulation_20260830/Phase1_PubmedCollection/passes/pass_002/artifacts/fulltext_import/PDF/normalized/pmid-21450989.json,high
pmid-20221250,20221250,PMC2832668,10.1371/journal.pgen.1000870,Papillorenal syndrome-causing missense mutations in PAX2/Pax2 result in hypomorphic alleles in mouse and human.,2010,"Journal Article;Research Support, N.I.H., Extramural;Research Support, N.I.H., Intramural",selected_for_reading,"A title, sentence, or local section-level window connects primary run entities, declared mechanism/evidence terms, and required outcome terms.",fulltext_review,readable,pmc_xml,/Users/xingmeng/.openclaw/workspaces/staff-scientist-ideker/agent_LiteratureDueDiligence/runs/pax8_protein_level_regulation_20260830/Phase1_PubmedCollection/passes/pass_002/artifacts/fulltext_import/PMC_XML/normalized/PMC2832668.json,high
pmid-20032463,20032463,PMC2844168,10.1074/jbc.M109.061861,Histone deacetylase 10 relieves repression on the melanogenic program by maintaining the deacetylation status of repressors.,2010,"Journal Article;Research Support, Non-U.S. Gov't",selected_for_reading,"A title, sentence, or local section-level window connects primary run entities, declared mechanism/evidence terms, and required outcome terms.",fulltext_review,readable,pdf_grobid,/Users/xingmeng/.openclaw/workspaces/staff-scientist-ideker/agent_LiteratureDueDiligence/runs/pax8_protein_level_regulation_20260830/Phase1_PubmedCollection/passes/pass_002/artifacts/fulltext_import/PDF/normalized/pmid-20032463.json,high
pmid-20017165,20017165,,10.1002/pros.21099,The developmental expression profile of PAX2 in the murine prostate.,2010,"Journal Article;Research Support, N.I.H., Extramural;Research Support, Non-U.S. Gov't;Research Support, U.S. Gov't, Non-P.H.S.",selected_for_reading,"A title, sentence, or local section-level window connects primary run entities, declared mechanism/evidence terms, and required outcome terms.",fulltext_review,readable,pdf_grobid,/Users/xingmeng/.openclaw/workspaces/staff-scientist-ideker/agent_LiteratureDueDiligence/runs/pax8_protein_level_regulation_20260830/Phase1_PubmedCollection/passes/pass_002/artifacts/fulltext_import/PDF/normalized/pmid-20017165.json,high
pmid-20025506,20025506,,10.1089/hyb.2009.0039,Generation of a rat monoclonal antibody specific for Pax7.,2009,"Journal Article;Research Support, Non-U.S. Gov't",selected_for_reading,"A title, sentence, or local section-level window connects primary run entities, declared mechanism/evidence terms, and required outcome terms.",fulltext_review,readable,pdf_grobid,/Users/xingmeng/.openclaw/workspaces/staff-scientist-ideker/agent_LiteratureDueDiligence/runs/pax8_protein_level_regulation_20260830/Phase1_PubmedCollection/passes/pass_002/artifacts/fulltext_import/PDF/normalized/pmid-20025506.json,high
pmid-19121967,19121967,PMC2702540,10.1016/j.ymgme.2008.11.163,Transcriptomic and network component analysis of glycerol kinase in skeletal muscle using a mouse model of glycerol kinase deficiency.,2009,"Journal Article;Research Support, N.I.H., Extramural",selected_for_reading,"A title, sentence, or local section-level window connects primary run entities, declared mechanism/evidence terms, and required outcome terms.",fulltext_review,readable,pmc_xml,/Users/xingmeng/.openclaw/workspaces/staff-scientist-ideker/agent_LiteratureDueDiligence/runs/pax8_protein_level_regulation_20260830/Phase1_PubmedCollection/passes/pass_002/artifacts/fulltext_import/PMC_XML/normalized/PMC2702540.json,high
pmid-18974227,18974227,,10.1677/JME-08-0100,Pax8 protein stability is controlled by sumoylation.,2009,"Journal Article;Research Support, Non-U.S. Gov't",selected_for_reading,"A title, sentence, or local section-level window connects primary run entities, declared mechanism/evidence terms, and required outcome terms.",fulltext_review,readable,pdf_grobid,/Users/xingmeng/.openclaw/workspaces/staff-scientist-ideker/agent_LiteratureDueDiligence/runs/pax8_protein_level_regulation_20260830/Phase1_PubmedCollection/passes/pass_002/artifacts/fulltext_import/PDF/normalized/pmid-18974227.json,high
pmid-18708529,18708529,PMC2578802,10.1110/ps.035956.108,Identification of serine 205 as a site of phosphorylation on Pax3 in proliferating but not differentiating primary myoblasts.,2008,"Journal Article;Research Support, N.I.H., Extramural;Research Support, Non-U.S. Gov't",selected_for_reading,"A title, sentence, or local section-level window connects primary run entities, declared mechanism/evidence terms, and required outcome terms.",fulltext_review,readable,pdf_grobid,/Users/xingmeng/.openclaw/workspaces/staff-scientist-ideker/agent_LiteratureDueDiligence/runs/pax8_protein_level_regulation_20260830/Phase1_PubmedCollection/passes/pass_002/artifacts/fulltext_import/PDF/normalized/pmid-18708529.json,high
pmid-18497074,18497074,,10.1007/978-0-387-69080-3_49,Proteomic analysis of autocrine/paracrine effects of human growth hormone in human mammary carcinoma cells.,2008,Journal Article,selected_for_reading,"A title, sentence, or local section-level window connects primary run entities, declared mechanism/evidence terms, and required outcome terms.",fulltext_review,readable,pdf_grobid,/Users/xingmeng/.openclaw/workspaces/staff-scientist-ideker/agent_LiteratureDueDiligence/runs/pax8_protein_level_regulation_20260830/Phase1_PubmedCollection/passes/pass_002/artifacts/fulltext_import/PDF/normalized/pmid-18497074.json,high
pmid-18395835,18395835,PMC2747029,10.1002/dvg.20384,Cre reporter mouse expressing a nuclear localized fusion of GFP and beta-galactosidase reveals new derivatives of Pax3-expressing precursors.,2008,"Letter;Research Support, N.I.H., Extramural",selected_for_reading,"A title, sentence, or local section-level window connects primary run entities, declared mechanism/evidence terms, and required outcome terms.",fulltext_review,readable,pdf_grobid,/Users/xingmeng/.openclaw/workspaces/staff-scientist-ideker/agent_LiteratureDueDiligence/runs/pax8_protein_level_regulation_20260830/Phase1_PubmedCollection/passes/pass_002/artifacts/fulltext_import/PDF/normalized/pmid-18395835.json,high
pmid-17698292,17698292,PMC2043499,10.1016/j.bbagen.2007.06.016,The oncogenic fusion protein Pax3-FKHR has a greater post-translational stability relative to Pax3 during early myogenesis.,2007,"Journal Article;Research Support, N.I.H., Extramural;Research Support, Non-U.S. Gov't",selected_for_reading,"A title, sentence, or local section-level window connects primary run entities, declared mechanism/evidence terms, and required outcome terms.",fulltext_review,readable,pdf_grobid,/Users/xingmeng/.openclaw/workspaces/staff-scientist-ideker/agent_LiteratureDueDiligence/runs/pax8_protein_level_regulation_20260830/Phase1_PubmedCollection/passes/pass_002/artifacts/fulltext_import/PDF/normalized/pmid-17698292.json,high
pmid-17662948,17662948,,10.1016/j.cell.2007.05.044,Regulation of Pax3 by proteasomal degradation of monoubiquitinated protein in skeletal muscle progenitors.,2007,"Journal Article;Research Support, N.I.H., Extramural;Research Support, Non-U.S. Gov't;Research Support, U.S. Gov't, Non-P.H.S.",selected_for_reading,"A title, sentence, or local section-level window connects primary run entities, declared mechanism/evidence terms, and required outcome terms.",fulltext_review,readable,pdf_grobid,/Users/xingmeng/.openclaw/workspaces/staff-scientist-ideker/agent_LiteratureDueDiligence/runs/pax8_protein_level_regulation_20260830/Phase1_PubmedCollection/passes/pass_002/artifacts/fulltext_import/PDF/normalized/pmid-17662948.json,high
pmid-17429055,17429055,PMC2129125,10.1681/ASN.2006060625,Pax transactivation-domain interacting protein is required for urine concentration and osmotolerance in collecting duct epithelia.,2007,"Journal Article;Research Support, N.I.H., Extramural;Research Support, Non-U.S. Gov't",selected_for_reading,"A title, sentence, or local section-level window connects primary run entities, declared mechanism/evidence terms, and required outcome terms.",fulltext_review,readable,pdf_grobid,/Users/xingmeng/.openclaw/workspaces/staff-scientist-ideker/agent_LiteratureDueDiligence/runs/pax8_protein_level_regulation_20260830/Phase1_PubmedCollection/passes/pass_002/artifacts/fulltext_import/PDF/normalized/pmid-17429055.json,high
pmid-16885413,16885413,,10.1681/ASN.2005111157,Akt and Mammalian target of rapamycin regulate separate systems of proteolysis in renal tubular cells.,2006,"Journal Article;Research Support, N.I.H., Extramural;Research Support, U.S. Gov't, Non-P.H.S.",selected_for_reading,"Full text has primary-topic, declared-evidence, and outcome overlap and supports an explicit review-frame retention role.",fulltext_review,readable,pdf_grobid,/Users/xingmeng/.openclaw/workspaces/staff-scientist-ideker/agent_LiteratureDueDiligence/runs/pax8_protein_level_regulation_20260830/Phase1_PubmedCollection/passes/pass_002/artifacts/fulltext_import/PDF/normalized/pmid-16885413.json,medium
pmid-16494873,16494873,,10.1016/j.febslet.2006.02.011,Sumoylation of the SOX10 transcription factor regulates its transcriptional activity.,2006,"Journal Article;Research Support, Non-U.S. Gov't",selected_for_reading,"Full text has primary-topic, declared-evidence, and outcome overlap and supports an explicit review-frame retention role.",fulltext_review,readable,pdf_grobid,/Users/xingmeng/.openclaw/workspaces/staff-scientist-ideker/agent_LiteratureDueDiligence/runs/pax8_protein_level_regulation_20260830/Phase1_PubmedCollection/passes/pass_002/artifacts/fulltext_import/PDF/normalized/pmid-16494873.json,medium
pmid-16300735,16300735,,10.1016/j.bbrc.2005.10.214,Transcriptional activity of Pax3 is co-activated by TAZ.,2006,"Journal Article;Research Support, Non-U.S. Gov't",selected_for_reading,"A title, sentence, or local section-level window connects primary run entities, declared mechanism/evidence terms, and required outcome terms.",fulltext_review,readable,pdf_grobid,/Users/xingmeng/.openclaw/workspaces/staff-scientist-ideker/agent_LiteratureDueDiligence/runs/pax8_protein_level_regulation_20260830/Phase1_PubmedCollection/passes/pass_002/artifacts/fulltext_import/PDF/normalized/pmid-16300735.json,high
pmid-15355349,15355349,,10.1111/j.1432-1033.2004.04312.x,The HNF1beta transcription factor has several domains involved in nephrogenesis and partially rescues Pax8/lim1-induced kidney malformations.,2004,"Journal Article;Research Support, Non-U.S. Gov't",selected_for_reading,"Full text has primary-topic, declared-evidence, and outcome overlap and supports an explicit review-frame retention role.",fulltext_review,readable,pdf_grobid,/Users/xingmeng/.openclaw/workspaces/staff-scientist-ideker/agent_LiteratureDueDiligence/runs/pax8_protein_level_regulation_20260830/Phase1_PubmedCollection/passes/pass_002/artifacts/fulltext_import/PDF/normalized/pmid-15355349.json,medium
pmid-15149326,15149326,,10.1111/j.1523-1755.2004.00639.x,Suppression of chaperone-mediated autophagy in the renal cortex during acute diabetes mellitus.,2004,"Journal Article;Research Support, Non-U.S. Gov't;Research Support, U.S. Gov't, Non-P.H.S.;Research Support, U.S. Gov't, P.H.S.",selected_for_reading,"A title, sentence, or local section-level window connects primary run entities, declared mechanism/evidence terms, and required outcome terms.",fulltext_review,readable,pdf_grobid,/Users/xingmeng/.openclaw/workspaces/staff-scientist-ideker/agent_LiteratureDueDiligence/runs/pax8_protein_level_regulation_20260830/Phase1_PubmedCollection/passes/pass_002/artifacts/fulltext_import/PDF/normalized/pmid-15149326.json,high
pmid-15143176,15143176,PMC416398,10.1128/MCB.24.11.4824-4834.2004,Paired-type homeodomain transcription factors are imported into the nucleus by karyopherin 13.,2004,"Journal Article;Research Support, U.S. Gov't, P.H.S.",selected_for_reading,"A title, sentence, or local section-level window connects primary run entities, declared mechanism/evidence terms, and required outcome terms.",fulltext_review,readable,pdf_grobid,/Users/xingmeng/.openclaw/workspaces/staff-scientist-ideker/agent_LiteratureDueDiligence/runs/pax8_protein_level_regulation_20260830/Phase1_PubmedCollection/passes/pass_002/artifacts/fulltext_import/PDF/normalized/pmid-15143176.json,high
pmid-11607823,11607823,,10.1038/sj.onc.1204599,Gene fusions involving PAX and FOX family members in alveolar rhabdomyosarcoma.,2001,"Journal Article;Research Support, U.S. Gov't, P.H.S.;Review",selected_for_reading,"A title, sentence, or local section-level window connects primary run entities, declared mechanism/evidence terms, and required outcome terms.",fulltext_review,readable,pdf_grobid,/Users/xingmeng/.openclaw/workspaces/staff-scientist-ideker/agent_LiteratureDueDiligence/runs/pax8_protein_level_regulation_20260830/Phase1_PubmedCollection/passes/pass_002/artifacts/fulltext_import/PDF/normalized/pmid-11607823.json,high
pmid-11244500,11244500,,10.1038/sj.onc.1204063,Regulation of Pax3 transcriptional activity by SUMO-1-modified PML.,2001,"Journal Article;Research Support, Non-U.S. Gov't",selected_for_reading,"A title, sentence, or local section-level window connects primary run entities, declared mechanism/evidence terms, and required outcome terms.",fulltext_review,readable,pdf_grobid,/Users/xingmeng/.openclaw/workspaces/staff-scientist-ideker/agent_LiteratureDueDiligence/runs/pax8_protein_level_regulation_20260830/Phase1_PubmedCollection/passes/pass_002/artifacts/fulltext_import/PDF/normalized/pmid-11244500.json,high
pmid-11059777,11059777,,,Hormone-dependent tumor regression in vivo by an inducible transcriptional repressor directed at the PAX3-FKHR oncogene.,2000,"Journal Article;Research Support, Non-U.S. Gov't;Research Support, U.S. Gov't, Non-P.H.S.;Research Support, U.S. Gov't, P.H.S.",selected_for_reading,"A title, sentence, or local section-level window connects primary run entities, declared mechanism/evidence terms, and required outcome terms.",fulltext_review,readable,pdf_grobid,/Users/xingmeng/.openclaw/workspaces/staff-scientist-ideker/agent_LiteratureDueDiligence/runs/pax8_protein_level_regulation_20260830/Phase1_PubmedCollection/passes/pass_002/artifacts/fulltext_import/PDF/normalized/pmid-11059777.json,high
pmid-10748034,10748034,,10.1074/jbc.M001551200,BSAP (Pax5)-importin alpha 1 (Rch1) interaction identifies a nuclear localization sequence.,2000,"Journal Article;Research Support, Non-U.S. Gov't;Research Support, U.S. Gov't, P.H.S.",selected_for_reading,"A title, sentence, or local section-level window connects primary run entities, declared mechanism/evidence terms, and required outcome terms.",fulltext_review,readable,pdf_grobid,/Users/xingmeng/.openclaw/workspaces/staff-scientist-ideker/agent_LiteratureDueDiligence/runs/pax8_protein_level_regulation_20260830/Phase1_PubmedCollection/passes/pass_002/artifacts/fulltext_import/PDF/normalized/pmid-10748034.json,high
pmid-9737963,9737963,,10.1074/jbc.273.39.25062,Redox potential controls the structure and DNA binding activity of the paired domain.,1998,"Journal Article;Research Support, Non-U.S. Gov't",selected_for_reading,"A title, sentence, or local section-level window connects primary run entities, declared mechanism/evidence terms, and required outcome terms.",fulltext_review,readable,pdf_grobid,/Users/xingmeng/.openclaw/workspaces/staff-scientist-ideker/agent_LiteratureDueDiligence/runs/pax8_protein_level_regulation_20260830/Phase1_PubmedCollection/passes/pass_002/artifacts/fulltext_import/PDF/normalized/pmid-9737963.json,high
pmid-9288908,9288908,,10.1111/j.1432-1033.1997.00860.x,Determination of functional domains of the human transcription factor PAX8 responsible for its nuclear localization and transactivating potential.,1997,"Journal Article;Research Support, Non-U.S. Gov't",selected_for_reading,"A title, sentence, or local section-level window connects primary run entities, declared mechanism/evidence terms, and required outcome terms.",fulltext_review,readable,pdf_grobid,/Users/xingmeng/.openclaw/workspaces/staff-scientist-ideker/agent_LiteratureDueDiligence/runs/pax8_protein_level_regulation_20260830/Phase1_PubmedCollection/passes/pass_002/artifacts/fulltext_import/PDF/normalized/pmid-9288908.json,high
pmid-39981965,39981965,,10.1080/10715762.2025.2470900,Down-regulation of Selenoprotein K impairs the proliferation and differentiation of chicken skeletal muscle satellite cells by inhibiting the Nrf2 antioxidant signaling pathway.,2025,Journal Article,abstract_relevant_fulltext_unavailable,"Confirmed include: Title/abstract matches primary run entities, declared mechanism/evidence terms, and required outcome or evidence-claim terms. Full text was not readable through PMC or PDF import at the time of review.",abstract_review_only,unavailable,missing,,high
pmid-39179932,39179932,,10.1038/s41590-024-01933-7,"Transcriptional function of E2A, Ebf1, Pax5, Ikaros and Aiolos analyzed by in vivo acute protein degradation in early B cell development.",2024,Journal Article,abstract_relevant_fulltext_unavailable,"Confirmed include: Title/abstract matches primary run entities, declared mechanism/evidence terms, and required outcome or evidence-claim terms. Full text was not readable through PMC or PDF import at the time of review.",abstract_review_only,unavailable,missing,,high
pmid-39044030,39044030,,10.1007/s00421-024-05565-5,"A single, maximal dose of celecoxib, ibuprofen, or flurbiprofen does not reduce the muscle signalling response to plyometric exercise in young healthy adults.",2024,Journal Article;Randomized Controlled Trial,abstract_relevant_fulltext_unavailable,"Confirmed include: Title/abstract matches primary run entities, declared mechanism/evidence terms, and required outcome or evidence-claim terms. Full text was not readable through PMC or PDF import at the time of review.",abstract_review_only,unavailable,missing,,high
pmid-36892588,36892588,,10.1007/s00223-023-01073-4,Urotensin II can Induce Skeletal Muscle Atrophy Associated with Upregulating Ubiquitin-Proteasome System and Inhibiting the Differentiation of Satellite Cells in CRF Mice.,2023,"Journal Article;Research Support, Non-U.S. Gov't",abstract_relevant_fulltext_unavailable,"Confirmed include: Title/abstract matches primary run entities, declared mechanism/evidence terms, and required outcome or evidence-claim terms. Full text was not readable through PMC or PDF import at the time of review.",abstract_review_only,unavailable,missing,,high
pmid-34852207,34852207,,10.1152/ajpcell.00344.2021,Aerobic exercise and resistance exercise alleviate skeletal muscle atrophy through IGF-1/IGF-1R-PI3K/Akt pathway in mice with myocardial infarction.,2022,"Journal Article;Research Support, Non-U.S. Gov't",abstract_relevant_fulltext_unavailable,"Confirmed include: Title/abstract matches primary run entities, declared mechanism/evidence terms, and required outcome or evidence-claim terms. Full text was not readable through PMC or PDF import at the time of review.",abstract_review_only,unavailable,missing,,high
pmid-34340000,34340000,,10.1016/j.aquatox.2021.105926,Behavioral effects of early-life exposure to perfluorooctanoic acid might synthetically link to multiple aspects of dopaminergic neuron development and dopamine functions in zebrafish larvae.,2021,Journal Article,abstract_relevant_fulltext_unavailable,"Confirmed include: Title/abstract matches primary run entities, declared mechanism/evidence terms, and required outcome or evidence-claim terms. Full text was not readable through PMC or PDF import at the time of review.",abstract_review_only,unavailable,missing,,high
pmid-33660125,33660125,,10.1007/s11655-021-2865-0,Wide Pulse Width Electroacupuncture Ameliorates Denervation-Induced Skeletal Muscle Atrophy in Rats via IGF-1/PI3K/Akt Pathway.,2021,Journal Article,abstract_relevant_fulltext_unavailable,"Confirmed include: Title/abstract matches primary run entities, declared mechanism/evidence terms, and required outcome or evidence-claim terms. Full text was not readable through PMC or PDF import at the time of review.",abstract_review_only,unavailable,missing,,high
pmid-32693409,32693409,PMC7819760,10.1182/blood.2020006164,Molecular basis of ETV6-mediated predisposition to childhood acute lymphoblastic leukemia.,2021,"Journal Article;Research Support, N.I.H., Extramural;Research Support, Non-U.S. Gov't",abstract_relevant_fulltext_unavailable,"Confirmed include: Title/abstract matches primary run entities, declared mechanism/evidence terms, and required outcome or evidence-claim terms. Full text was not readable through PMC or PDF import at the time of review.",abstract_review_only,unavailable,missing,,high
pmid-32841355,32841355,,10.1210/clinem/dgaa584,Congenital Hypothyroidism Due to Truncating PAX8 Mutations: A Case Series and Molecular Function Studies.,2020,"Case Reports;Journal Article;Research Support, Non-U.S. Gov't",abstract_relevant_fulltext_unavailable,"Confirmed include: Title/abstract matches primary run entities, declared mechanism/evidence terms, and required outcome or evidence-claim terms. Full text was not readable through PMC or PDF import at the time of review.",abstract_review_only,unavailable,missing,,high
pmid-31441945,31441945,,10.1111/cup.13571,Concurrent cutaneous localization of Langerhans cell sarcoma and chronic lymphocytic leukemia/small lymphocytic lymphoma in a patient with a history of chronic lymphocytic leukemia/small lymphocytic lymphoma.,2020,Case Reports;Journal Article,abstract_relevant_fulltext_unavailable,"Confirmed include: Title/abstract matches primary run entities, declared mechanism/evidence terms, and required outcome or evidence-claim terms. Full text was not readable through PMC or PDF import at the time of review.",abstract_review_only,unavailable,missing,,high
pmid-31494105,31494105,,10.1016/j.cbi.2019.108813,"""Verteporfin exhibits anti-proliferative activity in embryonal and alveolar rhabdomyosarcoma cell lines"".",2019,Journal Article,abstract_relevant_fulltext_unavailable,"Confirmed include: Title/abstract matches primary run entities, declared mechanism/evidence terms, and required outcome or evidence-claim terms. Full text was not readable through PMC or PDF import at the time of review.",abstract_review_only,unavailable,missing,,high
pmid-30676333,30676333,,10.1097/PAS.0000000000001219,Adenocarcinoma of the Rete Testis: Clinicopathologic and Immunohistochemical Characterization of 6 Cases and Review of the Literature.,2019,Journal Article;Review,abstract_relevant_fulltext_unavailable,"Confirmed include: Title/abstract matches primary run entities, declared mechanism/evidence terms, and required outcome or evidence-claim terms. Full text was not readable through PMC or PDF import at the time of review.",abstract_review_only,unavailable,missing,,high
pmid-30352879,30352879,,10.2337/db18-0285,"Transient PAX8 Expression in Islets During Pregnancy Correlates With β-Cell Survival, Revealing a Novel Candidate Gene in Gestational Diabetes Mellitus.",2019,"Journal Article;Research Support, Non-U.S. Gov't",abstract_relevant_fulltext_unavailable,"Confirmed include: Title/abstract matches primary run entities, declared mechanism/evidence terms, and required outcome or evidence-claim terms. Full text was not readable through PMC or PDF import at the time of review.",abstract_review_only,unavailable,missing,,high
pmid-29561272,29561272,,10.1097/PAI.0000000000000635,Novel Finding of Paired Box 5 (PAX5) Cytoplasmic Staining in Well-differentiated Rectal Neuroendocrine Tumors (Carcinoids) and Its Diagnostic and Potentially Prognostic Utility.,2019,Journal Article,abstract_relevant_fulltext_unavailable,"Confirmed include: Title/abstract matches primary run entities, declared mechanism/evidence terms, and required outcome or evidence-claim terms. Full text was not readable through PMC or PDF import at the time of review.",abstract_review_only,unavailable,missing,,high
pmid-29996314,29996314,,10.3760/cma.j.issn.0529-5807.2018.07.005,"[Clinicopathologic and molecular characterizations of Sertoli cell tumor, not otherwise specified of the testis].",2018,Journal Article,abstract_relevant_fulltext_unavailable,"Confirmed include: Title/abstract matches primary run entities, declared mechanism/evidence terms, and required outcome or evidence-claim terms. Full text was not readable through PMC or PDF import at the time of review.",abstract_review_only,unavailable,missing,,high
pmid-23055533,23055533,,10.2967/jnumed.111.101295,Antitumor effects of proteasome inhibition in anaplastic thyroid carcinoma.,2012,Journal Article,abstract_relevant_fulltext_unavailable,"Confirmed include: Title/abstract matches primary run entities, declared mechanism/evidence terms, and required outcome or evidence-claim terms. Full text was not readable through PMC or PDF import at the time of review.",abstract_review_only,unavailable,missing,,high
pmid-16669872,16669872,,10.1111/j.1440-1827.2006.01959.x,Immunohistochemical analysis of thyroid-specific transcription factors in thyroid tumors.,2006,Journal Article,abstract_relevant_fulltext_unavailable,"Confirmed include: Title/abstract matches primary run entities, declared mechanism/evidence terms, and required outcome or evidence-claim terms. Full text was not readable through PMC or PDF import at the time of review.",abstract_review_only,unavailable,missing,,high
pmid-15148315,15148315,,10.1074/jbc.M402949200,"Cross-talk between the paired domain and the homeodomain of Pax3: DNA binding by each domain causes a structural change in the other domain, supporting interdependence for DNA Binding.",2004,"Journal Article;Research Support, Non-U.S. Gov't",abstract_relevant_fulltext_unavailable,"Confirmed include: Title/abstract matches primary run entities, declared mechanism/evidence terms, and required outcome or evidence-claim terms. Full text was not readable through PMC or PDF import at the time of review.",abstract_review_only,unavailable,missing,,high
pmid-11601392,11601392,,,[In vitro modelling of the interactions between the promoter and enhancer complexes].,2001,Comparative Study;Journal Article,abstract_relevant_fulltext_unavailable,"Confirmed include: Title/abstract matches primary run entities, declared mechanism/evidence terms, and required outcome or evidence-claim terms. Full text was not readable through PMC or PDF import at the time of review.",abstract_review_only,unavailable,missing,,high
