paper_id,pmid,doi,title,pdf_path,tei_path,normalized_path,parse_status,notes
pmid-42635598,42635598,10.1158/1078-0432.CCR-26-1816,"Elacestrant in Combination with Everolimus for Estrogen Receptor-Positive, HER2-Negative Previously Treated Advanced Breast Cancer: Results from ELEVATE.",/Users/xingmeng/.openclaw/workspaces/staff-scientist-ideker/agent_LiteratureDueDiligence/runs/pi3k_alpha_inhibition_resistance_review_20260830/Phase1_PubmedCollection/passes/pass_002/artifacts/fulltext_import/PDF/PMID 42635598.pdf,/Users/xingmeng/.openclaw/workspaces/staff-scientist-ideker/agent_LiteratureDueDiligence/runs/pi3k_alpha_inhibition_resistance_review_20260830/Phase1_PubmedCollection/passes/pass_002/artifacts/fulltext_import/PDF/parser_cache/grobid/pmid-42635598.tei.xml,/Users/xingmeng/.openclaw/workspaces/staff-scientist-ideker/agent_LiteratureDueDiligence/runs/pi3k_alpha_inhibition_resistance_review_20260830/Phase1_PubmedCollection/passes/pass_002/artifacts/fulltext_import/PDF/normalized/pmid-42635598.json,normalized,PDF parsed and normalized through GROBID TEI.
pmid-42575435,42575435,10.1016/j.jbc.2026.113426,Insulin receptor substrate 2 (IRS2) confers resistance to PI3K pathway inhibition in PIK3CA mutant breast cancer.,/Users/xingmeng/.openclaw/workspaces/staff-scientist-ideker/agent_LiteratureDueDiligence/runs/pi3k_alpha_inhibition_resistance_review_20260830/Phase1_PubmedCollection/passes/pass_002/artifacts/fulltext_import/PDF/PMID 42575435.pdf,/Users/xingmeng/.openclaw/workspaces/staff-scientist-ideker/agent_LiteratureDueDiligence/runs/pi3k_alpha_inhibition_resistance_review_20260830/Phase1_PubmedCollection/passes/pass_002/artifacts/fulltext_import/PDF/parser_cache/grobid/pmid-42575435.tei.xml,/Users/xingmeng/.openclaw/workspaces/staff-scientist-ideker/agent_LiteratureDueDiligence/runs/pi3k_alpha_inhibition_resistance_review_20260830/Phase1_PubmedCollection/passes/pass_002/artifacts/fulltext_import/PDF/normalized/pmid-42575435.json,normalized,PDF parsed and normalized through GROBID TEI.
pmid-42456830,42456830,10.1016/j.bcp.2026.118262,"Core genes drive treatment resistance in triple-negative breast cancer: characteristics, mechanisms, intervention strategies.",/Users/xingmeng/.openclaw/workspaces/staff-scientist-ideker/agent_LiteratureDueDiligence/runs/pi3k_alpha_inhibition_resistance_review_20260830/Phase1_PubmedCollection/passes/pass_002/artifacts/fulltext_import/PDF/PMID 42456830.pdf,/Users/xingmeng/.openclaw/workspaces/staff-scientist-ideker/agent_LiteratureDueDiligence/runs/pi3k_alpha_inhibition_resistance_review_20260830/Phase1_PubmedCollection/passes/pass_002/artifacts/fulltext_import/PDF/parser_cache/grobid/pmid-42456830.tei.xml,/Users/xingmeng/.openclaw/workspaces/staff-scientist-ideker/agent_LiteratureDueDiligence/runs/pi3k_alpha_inhibition_resistance_review_20260830/Phase1_PubmedCollection/passes/pass_002/artifacts/fulltext_import/PDF/normalized/pmid-42456830.json,normalized,PDF parsed and normalized through GROBID TEI.
pmid-42405409,42405409,10.2174/0113895575463121260609115219,Medicinal Chemistry Perspectives on Molecular Targets and Targeted Therapeutic Strategies in Breast Cancer.,/Users/xingmeng/.openclaw/workspaces/staff-scientist-ideker/agent_LiteratureDueDiligence/runs/pi3k_alpha_inhibition_resistance_review_20260830/Phase1_PubmedCollection/passes/pass_002/artifacts/fulltext_import/PDF/PMID 42405409.pdf,/Users/xingmeng/.openclaw/workspaces/staff-scientist-ideker/agent_LiteratureDueDiligence/runs/pi3k_alpha_inhibition_resistance_review_20260830/Phase1_PubmedCollection/passes/pass_002/artifacts/fulltext_import/PDF/parser_cache/grobid/pmid-42405409.tei.xml,/Users/xingmeng/.openclaw/workspaces/staff-scientist-ideker/agent_LiteratureDueDiligence/runs/pi3k_alpha_inhibition_resistance_review_20260830/Phase1_PubmedCollection/passes/pass_002/artifacts/fulltext_import/PDF/normalized/pmid-42405409.json,normalized,PDF parsed and normalized through GROBID TEI.
pmid-42341421,42341421,10.1016/j.bbrc.2026.154189,Functional characterization of PIK3CA E545A mutation in MCF-7 breast cancer cells reveals enhanced proliferation and resistance to Alpelisib.,/Users/xingmeng/.openclaw/workspaces/staff-scientist-ideker/agent_LiteratureDueDiligence/runs/pi3k_alpha_inhibition_resistance_review_20260830/Phase1_PubmedCollection/passes/pass_002/artifacts/fulltext_import/PDF/PMID 42341421.pdf,/Users/xingmeng/.openclaw/workspaces/staff-scientist-ideker/agent_LiteratureDueDiligence/runs/pi3k_alpha_inhibition_resistance_review_20260830/Phase1_PubmedCollection/passes/pass_002/artifacts/fulltext_import/PDF/parser_cache/grobid/pmid-42341421.tei.xml,/Users/xingmeng/.openclaw/workspaces/staff-scientist-ideker/agent_LiteratureDueDiligence/runs/pi3k_alpha_inhibition_resistance_review_20260830/Phase1_PubmedCollection/passes/pass_002/artifacts/fulltext_import/PDF/normalized/pmid-42341421.json,normalized,PDF parsed and normalized through GROBID TEI.
pmid-42312509,42312509,10.2174/0113816128473617260609100900,Glycycoumarin Induces G2/M Cell Cycle Arrest and Apoptosis in Non-Small-Cell Lung Cancer Cells via Suppressing the PI3K/AKT/mTOR/HIF-1α Pathway.,/Users/xingmeng/.openclaw/workspaces/staff-scientist-ideker/agent_LiteratureDueDiligence/runs/pi3k_alpha_inhibition_resistance_review_20260830/Phase1_PubmedCollection/passes/pass_002/artifacts/fulltext_import/PDF/PMID 42312509.pdf,/Users/xingmeng/.openclaw/workspaces/staff-scientist-ideker/agent_LiteratureDueDiligence/runs/pi3k_alpha_inhibition_resistance_review_20260830/Phase1_PubmedCollection/passes/pass_002/artifacts/fulltext_import/PDF/parser_cache/grobid/pmid-42312509.tei.xml,/Users/xingmeng/.openclaw/workspaces/staff-scientist-ideker/agent_LiteratureDueDiligence/runs/pi3k_alpha_inhibition_resistance_review_20260830/Phase1_PubmedCollection/passes/pass_002/artifacts/fulltext_import/PDF/normalized/pmid-42312509.json,normalized,PDF parsed and normalized through GROBID TEI.
pmid-42237450,42237450,10.1002/ijc.70545,Landscape of Chinese Lung Cancer Patients With Compound Mutations and Acquired Resistance Alterations: A Retrospective Study.,/Users/xingmeng/.openclaw/workspaces/staff-scientist-ideker/agent_LiteratureDueDiligence/runs/pi3k_alpha_inhibition_resistance_review_20260830/Phase1_PubmedCollection/passes/pass_002/artifacts/fulltext_import/PDF/PMID 42237450.pdf,/Users/xingmeng/.openclaw/workspaces/staff-scientist-ideker/agent_LiteratureDueDiligence/runs/pi3k_alpha_inhibition_resistance_review_20260830/Phase1_PubmedCollection/passes/pass_002/artifacts/fulltext_import/PDF/parser_cache/grobid/pmid-42237450.tei.xml,/Users/xingmeng/.openclaw/workspaces/staff-scientist-ideker/agent_LiteratureDueDiligence/runs/pi3k_alpha_inhibition_resistance_review_20260830/Phase1_PubmedCollection/passes/pass_002/artifacts/fulltext_import/PDF/normalized/pmid-42237450.json,normalized,PDF parsed and normalized through GROBID TEI.
pmid-42127863,42127863,10.1016/j.oraloncology.2026.108004,Efficacy of buparlisib according to PIK3CA mutation status in recurrent or metastatic head and neck squamous cell carcinoma: A multicenter phase II trial.,/Users/xingmeng/.openclaw/workspaces/staff-scientist-ideker/agent_LiteratureDueDiligence/runs/pi3k_alpha_inhibition_resistance_review_20260830/Phase1_PubmedCollection/passes/pass_002/artifacts/fulltext_import/PDF/PMID 42127863.pdf,/Users/xingmeng/.openclaw/workspaces/staff-scientist-ideker/agent_LiteratureDueDiligence/runs/pi3k_alpha_inhibition_resistance_review_20260830/Phase1_PubmedCollection/passes/pass_002/artifacts/fulltext_import/PDF/parser_cache/grobid/pmid-42127863.tei.xml,/Users/xingmeng/.openclaw/workspaces/staff-scientist-ideker/agent_LiteratureDueDiligence/runs/pi3k_alpha_inhibition_resistance_review_20260830/Phase1_PubmedCollection/passes/pass_002/artifacts/fulltext_import/PDF/normalized/pmid-42127863.json,normalized,PDF parsed and normalized through GROBID TEI.
pmid-42099435,42099435,10.64898/2026.04.24.720709,Insulin receptor substrate 2 (IRS2) confers resistance to PI3K pathway inhibition in PIK3CA mutant breast cancer.,/Users/xingmeng/.openclaw/workspaces/staff-scientist-ideker/agent_LiteratureDueDiligence/runs/pi3k_alpha_inhibition_resistance_review_20260830/Phase1_PubmedCollection/passes/pass_002/artifacts/fulltext_import/PDF/PMID 42099435.pdf,/Users/xingmeng/.openclaw/workspaces/staff-scientist-ideker/agent_LiteratureDueDiligence/runs/pi3k_alpha_inhibition_resistance_review_20260830/Phase1_PubmedCollection/passes/pass_002/artifacts/fulltext_import/PDF/parser_cache/grobid/pmid-42099435.tei.xml,/Users/xingmeng/.openclaw/workspaces/staff-scientist-ideker/agent_LiteratureDueDiligence/runs/pi3k_alpha_inhibition_resistance_review_20260830/Phase1_PubmedCollection/passes/pass_002/artifacts/fulltext_import/PDF/normalized/pmid-42099435.json,normalized,PDF parsed and normalized through GROBID TEI.
pmid-41932195,41932195,10.1016/j.compbiolchem.2026.109028,Synergistic action of Yinyanghuo A and Magnograndiolide against ovarian cancer: A computational prediction of targets and mechanism via network pharmacology and molecular simulations.,/Users/xingmeng/.openclaw/workspaces/staff-scientist-ideker/agent_LiteratureDueDiligence/runs/pi3k_alpha_inhibition_resistance_review_20260830/Phase1_PubmedCollection/passes/pass_002/artifacts/fulltext_import/PDF/PMID 41932195.pdf,/Users/xingmeng/.openclaw/workspaces/staff-scientist-ideker/agent_LiteratureDueDiligence/runs/pi3k_alpha_inhibition_resistance_review_20260830/Phase1_PubmedCollection/passes/pass_002/artifacts/fulltext_import/PDF/parser_cache/grobid/pmid-41932195.tei.xml,/Users/xingmeng/.openclaw/workspaces/staff-scientist-ideker/agent_LiteratureDueDiligence/runs/pi3k_alpha_inhibition_resistance_review_20260830/Phase1_PubmedCollection/passes/pass_002/artifacts/fulltext_import/PDF/normalized/pmid-41932195.json,normalized,PDF parsed and normalized through GROBID TEI.
pmid-41756964,41756964,10.64898/2026.02.16.706009,Targeting FGFR signaling overcomes therapeutic resistance and immune evasion in oncogenic PIK3CA-driven serous-like endometrial cancer.,/Users/xingmeng/.openclaw/workspaces/staff-scientist-ideker/agent_LiteratureDueDiligence/runs/pi3k_alpha_inhibition_resistance_review_20260830/Phase1_PubmedCollection/passes/pass_002/artifacts/fulltext_import/PDF/PMID 41756964.pdf,/Users/xingmeng/.openclaw/workspaces/staff-scientist-ideker/agent_LiteratureDueDiligence/runs/pi3k_alpha_inhibition_resistance_review_20260830/Phase1_PubmedCollection/passes/pass_002/artifacts/fulltext_import/PDF/parser_cache/grobid/pmid-41756964.tei.xml,/Users/xingmeng/.openclaw/workspaces/staff-scientist-ideker/agent_LiteratureDueDiligence/runs/pi3k_alpha_inhibition_resistance_review_20260830/Phase1_PubmedCollection/passes/pass_002/artifacts/fulltext_import/PDF/normalized/pmid-41756964.json,normalized,PDF parsed and normalized through GROBID TEI.
pmid-41690534,41690534,10.1016/j.critrevonc.2026.105207,Beyond EGFR inhibition in head and neck squamous cell carcinoma: Overcoming resistance mechanisms and novel therapeutic frontiers.,/Users/xingmeng/.openclaw/workspaces/staff-scientist-ideker/agent_LiteratureDueDiligence/runs/pi3k_alpha_inhibition_resistance_review_20260830/Phase1_PubmedCollection/passes/pass_002/artifacts/fulltext_import/PDF/PMID 41690534.pdf,/Users/xingmeng/.openclaw/workspaces/staff-scientist-ideker/agent_LiteratureDueDiligence/runs/pi3k_alpha_inhibition_resistance_review_20260830/Phase1_PubmedCollection/passes/pass_002/artifacts/fulltext_import/PDF/parser_cache/grobid/pmid-41690534.tei.xml,/Users/xingmeng/.openclaw/workspaces/staff-scientist-ideker/agent_LiteratureDueDiligence/runs/pi3k_alpha_inhibition_resistance_review_20260830/Phase1_PubmedCollection/passes/pass_002/artifacts/fulltext_import/PDF/normalized/pmid-41690534.json,normalized,PDF parsed and normalized through GROBID TEI.
pmid-41435752,41435752,10.1016/j.ejca.2025.116194,PIK3CA mutations and first-line outcomes in endocrine-resistant HR+/HER2- metastatic breast cancer: A multicentric real-world study.,/Users/xingmeng/.openclaw/workspaces/staff-scientist-ideker/agent_LiteratureDueDiligence/runs/pi3k_alpha_inhibition_resistance_review_20260830/Phase1_PubmedCollection/passes/pass_002/artifacts/fulltext_import/PDF/PMID 41435752.pdf,/Users/xingmeng/.openclaw/workspaces/staff-scientist-ideker/agent_LiteratureDueDiligence/runs/pi3k_alpha_inhibition_resistance_review_20260830/Phase1_PubmedCollection/passes/pass_002/artifacts/fulltext_import/PDF/parser_cache/grobid/pmid-41435752.tei.xml,/Users/xingmeng/.openclaw/workspaces/staff-scientist-ideker/agent_LiteratureDueDiligence/runs/pi3k_alpha_inhibition_resistance_review_20260830/Phase1_PubmedCollection/passes/pass_002/artifacts/fulltext_import/PDF/normalized/pmid-41435752.json,normalized,PDF parsed and normalized through GROBID TEI.
pmid-40382983,40382983,10.1016/j.drup.2025.101251,MicroRNA-mediated PTEN downregulation as a novel non-genetic mechanism of acquired resistance to PI3Kα inhibitors of head & neck squamous cell carcinoma.,/Users/xingmeng/.openclaw/workspaces/staff-scientist-ideker/agent_LiteratureDueDiligence/runs/pi3k_alpha_inhibition_resistance_review_20260830/Phase1_PubmedCollection/passes/pass_002/artifacts/fulltext_import/PDF/PMID 40382983.pdf,/Users/xingmeng/.openclaw/workspaces/staff-scientist-ideker/agent_LiteratureDueDiligence/runs/pi3k_alpha_inhibition_resistance_review_20260830/Phase1_PubmedCollection/passes/pass_002/artifacts/fulltext_import/PDF/parser_cache/grobid/pmid-40382983.tei.xml,/Users/xingmeng/.openclaw/workspaces/staff-scientist-ideker/agent_LiteratureDueDiligence/runs/pi3k_alpha_inhibition_resistance_review_20260830/Phase1_PubmedCollection/passes/pass_002/artifacts/fulltext_import/PDF/normalized/pmid-40382983.json,normalized,PDF parsed and normalized through GROBID TEI.
pmid-40339228,40339228,10.1016/j.biopha.2025.118147,Berberine promotes apoptosis and inhibits the migration of oral squamous carcinoma cells through inhibition of the RAGE/PI3K/AKT/mTOR pathway.,/Users/xingmeng/.openclaw/workspaces/staff-scientist-ideker/agent_LiteratureDueDiligence/runs/pi3k_alpha_inhibition_resistance_review_20260830/Phase1_PubmedCollection/passes/pass_002/artifacts/fulltext_import/PDF/PMID 40339228.pdf,/Users/xingmeng/.openclaw/workspaces/staff-scientist-ideker/agent_LiteratureDueDiligence/runs/pi3k_alpha_inhibition_resistance_review_20260830/Phase1_PubmedCollection/passes/pass_002/artifacts/fulltext_import/PDF/parser_cache/grobid/pmid-40339228.tei.xml,/Users/xingmeng/.openclaw/workspaces/staff-scientist-ideker/agent_LiteratureDueDiligence/runs/pi3k_alpha_inhibition_resistance_review_20260830/Phase1_PubmedCollection/passes/pass_002/artifacts/fulltext_import/PDF/normalized/pmid-40339228.json,normalized,PDF parsed and normalized through GROBID TEI.
pmid-40295072,40295072,10.21873/anticanres.17567,Development of Acquired Resistance in Alpelisib-treated Gastric Cancer Cells With PIK3CA Mutations and Overcoming Strategies.,/Users/xingmeng/.openclaw/workspaces/staff-scientist-ideker/agent_LiteratureDueDiligence/runs/pi3k_alpha_inhibition_resistance_review_20260830/Phase1_PubmedCollection/passes/pass_002/artifacts/fulltext_import/PDF/PMID 40295072.pdf,/Users/xingmeng/.openclaw/workspaces/staff-scientist-ideker/agent_LiteratureDueDiligence/runs/pi3k_alpha_inhibition_resistance_review_20260830/Phase1_PubmedCollection/passes/pass_002/artifacts/fulltext_import/PDF/parser_cache/grobid/pmid-40295072.tei.xml,/Users/xingmeng/.openclaw/workspaces/staff-scientist-ideker/agent_LiteratureDueDiligence/runs/pi3k_alpha_inhibition_resistance_review_20260830/Phase1_PubmedCollection/passes/pass_002/artifacts/fulltext_import/PDF/normalized/pmid-40295072.json,normalized,PDF parsed and normalized through GROBID TEI.
pmid-40049296,40049296,10.1016/j.bcp.2025.116850,Strategic advancements in targeting the PI3K/AKT/mTOR pathway for Breast cancer therapy.,/Users/xingmeng/.openclaw/workspaces/staff-scientist-ideker/agent_LiteratureDueDiligence/runs/pi3k_alpha_inhibition_resistance_review_20260830/Phase1_PubmedCollection/passes/pass_002/artifacts/fulltext_import/PDF/PMID 40049296.pdf,/Users/xingmeng/.openclaw/workspaces/staff-scientist-ideker/agent_LiteratureDueDiligence/runs/pi3k_alpha_inhibition_resistance_review_20260830/Phase1_PubmedCollection/passes/pass_002/artifacts/fulltext_import/PDF/parser_cache/grobid/pmid-40049296.tei.xml,/Users/xingmeng/.openclaw/workspaces/staff-scientist-ideker/agent_LiteratureDueDiligence/runs/pi3k_alpha_inhibition_resistance_review_20260830/Phase1_PubmedCollection/passes/pass_002/artifacts/fulltext_import/PDF/normalized/pmid-40049296.json,normalized,PDF parsed and normalized through GROBID TEI.
pmid-40020984,40020984,10.1016/j.ejphar.2025.177432,Targeting PI3K in cancer treatment: A comprehensive review with insights from clinical outcomes.,/Users/xingmeng/.openclaw/workspaces/staff-scientist-ideker/agent_LiteratureDueDiligence/runs/pi3k_alpha_inhibition_resistance_review_20260830/Phase1_PubmedCollection/passes/pass_002/artifacts/fulltext_import/PDF/PMID 40020984.pdf,/Users/xingmeng/.openclaw/workspaces/staff-scientist-ideker/agent_LiteratureDueDiligence/runs/pi3k_alpha_inhibition_resistance_review_20260830/Phase1_PubmedCollection/passes/pass_002/artifacts/fulltext_import/PDF/parser_cache/grobid/pmid-40020984.tei.xml,/Users/xingmeng/.openclaw/workspaces/staff-scientist-ideker/agent_LiteratureDueDiligence/runs/pi3k_alpha_inhibition_resistance_review_20260830/Phase1_PubmedCollection/passes/pass_002/artifacts/fulltext_import/PDF/normalized/pmid-40020984.json,normalized,PDF parsed and normalized through GROBID TEI.
pmid-39313156,39313156,10.1016/j.annonc.2024.09.010,"Acquired gene alterations in patients treated with ribociclib plus endocrine therapy or endocrine therapy alone using baseline and end-of-treatment circulating tumor DNA samples in the MONALEESA-2, -3, and -7 trials.",/Users/xingmeng/.openclaw/workspaces/staff-scientist-ideker/agent_LiteratureDueDiligence/runs/pi3k_alpha_inhibition_resistance_review_20260830/Phase1_PubmedCollection/passes/pass_002/artifacts/fulltext_import/PDF/PMID 39313156.pdf,/Users/xingmeng/.openclaw/workspaces/staff-scientist-ideker/agent_LiteratureDueDiligence/runs/pi3k_alpha_inhibition_resistance_review_20260830/Phase1_PubmedCollection/passes/pass_002/artifacts/fulltext_import/PDF/parser_cache/grobid/pmid-39313156.tei.xml,/Users/xingmeng/.openclaw/workspaces/staff-scientist-ideker/agent_LiteratureDueDiligence/runs/pi3k_alpha_inhibition_resistance_review_20260830/Phase1_PubmedCollection/passes/pass_002/artifacts/fulltext_import/PDF/normalized/pmid-39313156.json,normalized,PDF parsed and normalized through GROBID TEI.
pmid-39171586,39171586,10.2174/0109298673327425240815065221,A Perspective of PI3K/AKT/mTOR Pathway Inhibitors to Overcome Drug-resistance in Breast Cancer Therapy.,/Users/xingmeng/.openclaw/workspaces/staff-scientist-ideker/agent_LiteratureDueDiligence/runs/pi3k_alpha_inhibition_resistance_review_20260830/Phase1_PubmedCollection/passes/pass_002/artifacts/fulltext_import/PDF/PMID 39171586.pdf,/Users/xingmeng/.openclaw/workspaces/staff-scientist-ideker/agent_LiteratureDueDiligence/runs/pi3k_alpha_inhibition_resistance_review_20260830/Phase1_PubmedCollection/passes/pass_002/artifacts/fulltext_import/PDF/parser_cache/grobid/pmid-39171586.tei.xml,/Users/xingmeng/.openclaw/workspaces/staff-scientist-ideker/agent_LiteratureDueDiligence/runs/pi3k_alpha_inhibition_resistance_review_20260830/Phase1_PubmedCollection/passes/pass_002/artifacts/fulltext_import/PDF/normalized/pmid-39171586.json,normalized,PDF parsed and normalized through GROBID TEI.
pmid-39128978,39128978,10.1002/ijc.35126,Genomic alterations associated with resistance and circulating tumor DNA dynamics for early detection of progression on CDK4/6 inhibitor in advanced breast cancer.,/Users/xingmeng/.openclaw/workspaces/staff-scientist-ideker/agent_LiteratureDueDiligence/runs/pi3k_alpha_inhibition_resistance_review_20260830/Phase1_PubmedCollection/passes/pass_002/artifacts/fulltext_import/PDF/PMID 39128978.pdf,/Users/xingmeng/.openclaw/workspaces/staff-scientist-ideker/agent_LiteratureDueDiligence/runs/pi3k_alpha_inhibition_resistance_review_20260830/Phase1_PubmedCollection/passes/pass_002/artifacts/fulltext_import/PDF/parser_cache/grobid/pmid-39128978.tei.xml,/Users/xingmeng/.openclaw/workspaces/staff-scientist-ideker/agent_LiteratureDueDiligence/runs/pi3k_alpha_inhibition_resistance_review_20260830/Phase1_PubmedCollection/passes/pass_002/artifacts/fulltext_import/PDF/normalized/pmid-39128978.json,normalized,PDF parsed and normalized through GROBID TEI.
pmid-38531793,38531793,10.24976/Discov.Med.202436182.49,Characterizing the Efficacy and Safety of Chemotherapy Plus Everolimus in HER2-Negative Metastatic Breast Cancer Harboring Altered PI3K/AKT/mTOR.,/Users/xingmeng/.openclaw/workspaces/staff-scientist-ideker/agent_LiteratureDueDiligence/runs/pi3k_alpha_inhibition_resistance_review_20260830/Phase1_PubmedCollection/passes/pass_002/artifacts/fulltext_import/PDF/PMID 38531793.pdf,/Users/xingmeng/.openclaw/workspaces/staff-scientist-ideker/agent_LiteratureDueDiligence/runs/pi3k_alpha_inhibition_resistance_review_20260830/Phase1_PubmedCollection/passes/pass_002/artifacts/fulltext_import/PDF/parser_cache/grobid/pmid-38531793.tei.xml,/Users/xingmeng/.openclaw/workspaces/staff-scientist-ideker/agent_LiteratureDueDiligence/runs/pi3k_alpha_inhibition_resistance_review_20260830/Phase1_PubmedCollection/passes/pass_002/artifacts/fulltext_import/PDF/normalized/pmid-38531793.json,normalized,PDF parsed and normalized through GROBID TEI.
pmid-38432445,38432445,10.1016/j.phrs.2024.107123,PIK3CA mutation as an acquired resistance driver to EGFR-TKIs in non-small cell lung cancer: Clinical challenges and opportunities.,/Users/xingmeng/.openclaw/workspaces/staff-scientist-ideker/agent_LiteratureDueDiligence/runs/pi3k_alpha_inhibition_resistance_review_20260830/Phase1_PubmedCollection/passes/pass_002/artifacts/fulltext_import/PDF/PMID 38432445.pdf,/Users/xingmeng/.openclaw/workspaces/staff-scientist-ideker/agent_LiteratureDueDiligence/runs/pi3k_alpha_inhibition_resistance_review_20260830/Phase1_PubmedCollection/passes/pass_002/artifacts/fulltext_import/PDF/parser_cache/grobid/pmid-38432445.tei.xml,/Users/xingmeng/.openclaw/workspaces/staff-scientist-ideker/agent_LiteratureDueDiligence/runs/pi3k_alpha_inhibition_resistance_review_20260830/Phase1_PubmedCollection/passes/pass_002/artifacts/fulltext_import/PDF/normalized/pmid-38432445.json,normalized,PDF parsed and normalized through GROBID TEI.
pmid-37927802,37927802,10.21873/cdp.10264,"An Overview of Renal Cell Carcinoma Hallmarks, Drug Resistance, and Adjuvant Therapies.",/Users/xingmeng/.openclaw/workspaces/staff-scientist-ideker/agent_LiteratureDueDiligence/runs/pi3k_alpha_inhibition_resistance_review_20260830/Phase1_PubmedCollection/passes/pass_002/artifacts/fulltext_import/PDF/PMID 37927802.pdf,/Users/xingmeng/.openclaw/workspaces/staff-scientist-ideker/agent_LiteratureDueDiligence/runs/pi3k_alpha_inhibition_resistance_review_20260830/Phase1_PubmedCollection/passes/pass_002/artifacts/fulltext_import/PDF/parser_cache/grobid/pmid-37927802.tei.xml,/Users/xingmeng/.openclaw/workspaces/staff-scientist-ideker/agent_LiteratureDueDiligence/runs/pi3k_alpha_inhibition_resistance_review_20260830/Phase1_PubmedCollection/passes/pass_002/artifacts/fulltext_import/PDF/normalized/pmid-37927802.json,normalized,PDF parsed and normalized through GROBID TEI.
pmid-37000353,37000353,10.1007/s12010-023-04424-x,Targeted Inhibition of Hsp90 in Combination with Metformin Modulates Programmed Cell Death Pathways in A549 Lung Cancer Cells.,/Users/xingmeng/.openclaw/workspaces/staff-scientist-ideker/agent_LiteratureDueDiligence/runs/pi3k_alpha_inhibition_resistance_review_20260830/Phase1_PubmedCollection/passes/pass_002/artifacts/fulltext_import/PDF/PMID 37000353.pdf,/Users/xingmeng/.openclaw/workspaces/staff-scientist-ideker/agent_LiteratureDueDiligence/runs/pi3k_alpha_inhibition_resistance_review_20260830/Phase1_PubmedCollection/passes/pass_002/artifacts/fulltext_import/PDF/parser_cache/grobid/pmid-37000353.tei.xml,/Users/xingmeng/.openclaw/workspaces/staff-scientist-ideker/agent_LiteratureDueDiligence/runs/pi3k_alpha_inhibition_resistance_review_20260830/Phase1_PubmedCollection/passes/pass_002/artifacts/fulltext_import/PDF/normalized/pmid-37000353.json,normalized,PDF parsed and normalized through GROBID TEI.
pmid-36069292,36069292,10.1002/cncr.34451,Efficacy and potential resistance mechanisms of afatinib in advanced non-small cell lung cancer patients with EGFR G719X/L861Q/S768I.,/Users/xingmeng/.openclaw/workspaces/staff-scientist-ideker/agent_LiteratureDueDiligence/runs/pi3k_alpha_inhibition_resistance_review_20260830/Phase1_PubmedCollection/passes/pass_002/artifacts/fulltext_import/PDF/PMID 36069292.pdf,/Users/xingmeng/.openclaw/workspaces/staff-scientist-ideker/agent_LiteratureDueDiligence/runs/pi3k_alpha_inhibition_resistance_review_20260830/Phase1_PubmedCollection/passes/pass_002/artifacts/fulltext_import/PDF/parser_cache/grobid/pmid-36069292.tei.xml,/Users/xingmeng/.openclaw/workspaces/staff-scientist-ideker/agent_LiteratureDueDiligence/runs/pi3k_alpha_inhibition_resistance_review_20260830/Phase1_PubmedCollection/passes/pass_002/artifacts/fulltext_import/PDF/normalized/pmid-36069292.json,normalized,PDF parsed and normalized through GROBID TEI.
pmid-34986950,34986950,10.1691/ph.2021.1820,Recent clinical advances in PI3K inhibitors on colorectal cancer.,/Users/xingmeng/.openclaw/workspaces/staff-scientist-ideker/agent_LiteratureDueDiligence/runs/pi3k_alpha_inhibition_resistance_review_20260830/Phase1_PubmedCollection/passes/pass_002/artifacts/fulltext_import/PDF/PMID 34986950.pdf,/Users/xingmeng/.openclaw/workspaces/staff-scientist-ideker/agent_LiteratureDueDiligence/runs/pi3k_alpha_inhibition_resistance_review_20260830/Phase1_PubmedCollection/passes/pass_002/artifacts/fulltext_import/PDF/parser_cache/grobid/pmid-34986950.tei.xml,/Users/xingmeng/.openclaw/workspaces/staff-scientist-ideker/agent_LiteratureDueDiligence/runs/pi3k_alpha_inhibition_resistance_review_20260830/Phase1_PubmedCollection/passes/pass_002/artifacts/fulltext_import/PDF/normalized/pmid-34986950.json,normalized,PDF parsed and normalized through GROBID TEI.
pmid-34765318,34765318,,Chemoresistance in breast cancer: PI3K/Akt pathway inhibitors vs the current chemotherapy.,/Users/xingmeng/.openclaw/workspaces/staff-scientist-ideker/agent_LiteratureDueDiligence/runs/pi3k_alpha_inhibition_resistance_review_20260830/Phase1_PubmedCollection/passes/pass_002/artifacts/fulltext_import/PDF/PMID 34765318.pdf,/Users/xingmeng/.openclaw/workspaces/staff-scientist-ideker/agent_LiteratureDueDiligence/runs/pi3k_alpha_inhibition_resistance_review_20260830/Phase1_PubmedCollection/passes/pass_002/artifacts/fulltext_import/PDF/parser_cache/grobid/pmid-34765318.tei.xml,/Users/xingmeng/.openclaw/workspaces/staff-scientist-ideker/agent_LiteratureDueDiligence/runs/pi3k_alpha_inhibition_resistance_review_20260830/Phase1_PubmedCollection/passes/pass_002/artifacts/fulltext_import/PDF/normalized/pmid-34765318.json,normalized,PDF parsed and normalized through GROBID TEI.
pmid-34392186,34392186,10.1016/j.ejca.2021.06.043,Resistance profiles of anaplastic lymphoma kinase tyrosine kinase inhibitors in advanced non-small-cell lung cancer: a multicenter study using targeted next-generation sequencing.,/Users/xingmeng/.openclaw/workspaces/staff-scientist-ideker/agent_LiteratureDueDiligence/runs/pi3k_alpha_inhibition_resistance_review_20260830/Phase1_PubmedCollection/passes/pass_002/artifacts/fulltext_import/PDF/PMID 34392186.pdf,/Users/xingmeng/.openclaw/workspaces/staff-scientist-ideker/agent_LiteratureDueDiligence/runs/pi3k_alpha_inhibition_resistance_review_20260830/Phase1_PubmedCollection/passes/pass_002/artifacts/fulltext_import/PDF/parser_cache/grobid/pmid-34392186.tei.xml,/Users/xingmeng/.openclaw/workspaces/staff-scientist-ideker/agent_LiteratureDueDiligence/runs/pi3k_alpha_inhibition_resistance_review_20260830/Phase1_PubmedCollection/passes/pass_002/artifacts/fulltext_import/PDF/normalized/pmid-34392186.json,normalized,PDF parsed and normalized through GROBID TEI.
pmid-34157597,34157597,10.1016/j.cancergen.2021.06.001,Molecular follow-up of first-line treatment by osimertinib in lung cancer: Importance of using appropriate tools for detecting EGFR resistance mutation C797S.,/Users/xingmeng/.openclaw/workspaces/staff-scientist-ideker/agent_LiteratureDueDiligence/runs/pi3k_alpha_inhibition_resistance_review_20260830/Phase1_PubmedCollection/passes/pass_002/artifacts/fulltext_import/PDF/PMID 34157597.pdf,/Users/xingmeng/.openclaw/workspaces/staff-scientist-ideker/agent_LiteratureDueDiligence/runs/pi3k_alpha_inhibition_resistance_review_20260830/Phase1_PubmedCollection/passes/pass_002/artifacts/fulltext_import/PDF/parser_cache/grobid/pmid-34157597.tei.xml,/Users/xingmeng/.openclaw/workspaces/staff-scientist-ideker/agent_LiteratureDueDiligence/runs/pi3k_alpha_inhibition_resistance_review_20260830/Phase1_PubmedCollection/passes/pass_002/artifacts/fulltext_import/PDF/normalized/pmid-34157597.json,normalized,PDF parsed and normalized through GROBID TEI.
pmid-33865994,33865994,10.1016/j.critrevonc.2021.103334,PI3K inhibition in breast cancer: Identifying and overcoming different flavors of resistance.,/Users/xingmeng/.openclaw/workspaces/staff-scientist-ideker/agent_LiteratureDueDiligence/runs/pi3k_alpha_inhibition_resistance_review_20260830/Phase1_PubmedCollection/passes/pass_002/artifacts/fulltext_import/PDF/PMID 33865994.pdf,/Users/xingmeng/.openclaw/workspaces/staff-scientist-ideker/agent_LiteratureDueDiligence/runs/pi3k_alpha_inhibition_resistance_review_20260830/Phase1_PubmedCollection/passes/pass_002/artifacts/fulltext_import/PDF/parser_cache/grobid/pmid-33865994.tei.xml,/Users/xingmeng/.openclaw/workspaces/staff-scientist-ideker/agent_LiteratureDueDiligence/runs/pi3k_alpha_inhibition_resistance_review_20260830/Phase1_PubmedCollection/passes/pass_002/artifacts/fulltext_import/PDF/normalized/pmid-33865994.json,normalized,PDF parsed and normalized through GROBID TEI.
pmid-33794206,33794206,10.1016/S1470-2045(21)00034-6,"Alpelisib plus fulvestrant in PIK3CA-mutated, hormone receptor-positive advanced breast cancer after a CDK4/6 inhibitor (BYLieve): one cohort of a phase 2, multicentre, open-label, non-comparative study.",/Users/xingmeng/.openclaw/workspaces/staff-scientist-ideker/agent_LiteratureDueDiligence/runs/pi3k_alpha_inhibition_resistance_review_20260830/Phase1_PubmedCollection/passes/pass_002/artifacts/fulltext_import/PDF/PMID 33794206.pdf,/Users/xingmeng/.openclaw/workspaces/staff-scientist-ideker/agent_LiteratureDueDiligence/runs/pi3k_alpha_inhibition_resistance_review_20260830/Phase1_PubmedCollection/passes/pass_002/artifacts/fulltext_import/PDF/parser_cache/grobid/pmid-33794206.tei.xml,/Users/xingmeng/.openclaw/workspaces/staff-scientist-ideker/agent_LiteratureDueDiligence/runs/pi3k_alpha_inhibition_resistance_review_20260830/Phase1_PubmedCollection/passes/pass_002/artifacts/fulltext_import/PDF/normalized/pmid-33794206.json,normalized,PDF parsed and normalized through GROBID TEI.
pmid-33723394,33723394,10.1038/s41416-021-01293-1,PI3K activation promotes resistance to eribulin in HER2-negative breast cancer.,/Users/xingmeng/.openclaw/workspaces/staff-scientist-ideker/agent_LiteratureDueDiligence/runs/pi3k_alpha_inhibition_resistance_review_20260830/Phase1_PubmedCollection/passes/pass_002/artifacts/fulltext_import/PDF/PMID 33723394.pdf,/Users/xingmeng/.openclaw/workspaces/staff-scientist-ideker/agent_LiteratureDueDiligence/runs/pi3k_alpha_inhibition_resistance_review_20260830/Phase1_PubmedCollection/passes/pass_002/artifacts/fulltext_import/PDF/parser_cache/grobid/pmid-33723394.tei.xml,/Users/xingmeng/.openclaw/workspaces/staff-scientist-ideker/agent_LiteratureDueDiligence/runs/pi3k_alpha_inhibition_resistance_review_20260830/Phase1_PubmedCollection/passes/pass_002/artifacts/fulltext_import/PDF/normalized/pmid-33723394.json,normalized,PDF parsed and normalized through GROBID TEI.
pmid-33622114,33622114,10.1080/14656566.2021.1873952,"Alpelisib for the treatment of PIK3CA-mutated, hormone receptor-positive, HER2-negative metastatic breast cancer.",/Users/xingmeng/.openclaw/workspaces/staff-scientist-ideker/agent_LiteratureDueDiligence/runs/pi3k_alpha_inhibition_resistance_review_20260830/Phase1_PubmedCollection/passes/pass_002/artifacts/fulltext_import/PDF/PMID 33622114.pdf,/Users/xingmeng/.openclaw/workspaces/staff-scientist-ideker/agent_LiteratureDueDiligence/runs/pi3k_alpha_inhibition_resistance_review_20260830/Phase1_PubmedCollection/passes/pass_002/artifacts/fulltext_import/PDF/parser_cache/grobid/pmid-33622114.tei.xml,/Users/xingmeng/.openclaw/workspaces/staff-scientist-ideker/agent_LiteratureDueDiligence/runs/pi3k_alpha_inhibition_resistance_review_20260830/Phase1_PubmedCollection/passes/pass_002/artifacts/fulltext_import/PDF/normalized/pmid-33622114.json,normalized,PDF parsed and normalized through GROBID TEI.
pmid-33296125,33296125,10.1002/onco.13631,"Phase I Study of Afatinib and Selumetinib in Patients with KRAS-Mutated Colorectal, Non-Small Cell Lung, and Pancreatic Cancer.",/Users/xingmeng/.openclaw/workspaces/staff-scientist-ideker/agent_LiteratureDueDiligence/runs/pi3k_alpha_inhibition_resistance_review_20260830/Phase1_PubmedCollection/passes/pass_002/artifacts/fulltext_import/PDF/PMID 33296125.pdf,/Users/xingmeng/.openclaw/workspaces/staff-scientist-ideker/agent_LiteratureDueDiligence/runs/pi3k_alpha_inhibition_resistance_review_20260830/Phase1_PubmedCollection/passes/pass_002/artifacts/fulltext_import/PDF/parser_cache/grobid/pmid-33296125.tei.xml,/Users/xingmeng/.openclaw/workspaces/staff-scientist-ideker/agent_LiteratureDueDiligence/runs/pi3k_alpha_inhibition_resistance_review_20260830/Phase1_PubmedCollection/passes/pass_002/artifacts/fulltext_import/PDF/normalized/pmid-33296125.json,normalized,PDF parsed and normalized through GROBID TEI.
pmid-32416251,32416251,10.1016/j.annonc.2020.05.001,Time course and management of key adverse events during the randomized phase III SOLAR-1 study of PI3K inhibitor alpelisib plus fulvestrant in patients with HR-positive advanced breast cancer.,/Users/xingmeng/.openclaw/workspaces/staff-scientist-ideker/agent_LiteratureDueDiligence/runs/pi3k_alpha_inhibition_resistance_review_20260830/Phase1_PubmedCollection/passes/pass_002/artifacts/fulltext_import/PDF/PMID 32416251.pdf,/Users/xingmeng/.openclaw/workspaces/staff-scientist-ideker/agent_LiteratureDueDiligence/runs/pi3k_alpha_inhibition_resistance_review_20260830/Phase1_PubmedCollection/passes/pass_002/artifacts/fulltext_import/PDF/parser_cache/grobid/pmid-32416251.tei.xml,/Users/xingmeng/.openclaw/workspaces/staff-scientist-ideker/agent_LiteratureDueDiligence/runs/pi3k_alpha_inhibition_resistance_review_20260830/Phase1_PubmedCollection/passes/pass_002/artifacts/fulltext_import/PDF/normalized/pmid-32416251.json,normalized,PDF parsed and normalized through GROBID TEI.
pmid-31785230,31785230,10.1016/j.bcp.2019.113729,PI3K/AKT/mTOR signaling as a molecular target in head and neck cancer.,/Users/xingmeng/.openclaw/workspaces/staff-scientist-ideker/agent_LiteratureDueDiligence/runs/pi3k_alpha_inhibition_resistance_review_20260830/Phase1_PubmedCollection/passes/pass_002/artifacts/fulltext_import/PDF/PMID 31785230.pdf,/Users/xingmeng/.openclaw/workspaces/staff-scientist-ideker/agent_LiteratureDueDiligence/runs/pi3k_alpha_inhibition_resistance_review_20260830/Phase1_PubmedCollection/passes/pass_002/artifacts/fulltext_import/PDF/parser_cache/grobid/pmid-31785230.tei.xml,/Users/xingmeng/.openclaw/workspaces/staff-scientist-ideker/agent_LiteratureDueDiligence/runs/pi3k_alpha_inhibition_resistance_review_20260830/Phase1_PubmedCollection/passes/pass_002/artifacts/fulltext_import/PDF/normalized/pmid-31785230.json,normalized,PDF parsed and normalized through GROBID TEI.
pmid-31632573,31632573,,PIK3CA mutations contribute to fulvestrant resistance in ER-positive breast cancer.,/Users/xingmeng/.openclaw/workspaces/staff-scientist-ideker/agent_LiteratureDueDiligence/runs/pi3k_alpha_inhibition_resistance_review_20260830/Phase1_PubmedCollection/passes/pass_002/artifacts/fulltext_import/PDF/PMID 31632573.pdf,/Users/xingmeng/.openclaw/workspaces/staff-scientist-ideker/agent_LiteratureDueDiligence/runs/pi3k_alpha_inhibition_resistance_review_20260830/Phase1_PubmedCollection/passes/pass_002/artifacts/fulltext_import/PDF/parser_cache/grobid/pmid-31632573.tei.xml,/Users/xingmeng/.openclaw/workspaces/staff-scientist-ideker/agent_LiteratureDueDiligence/runs/pi3k_alpha_inhibition_resistance_review_20260830/Phase1_PubmedCollection/passes/pass_002/artifacts/fulltext_import/PDF/normalized/pmid-31632573.json,normalized,PDF parsed and normalized through GROBID TEI.
pmid-31439579,31439579,10.1158/1078-0432.CCR-19-0508,"POSEIDON Trial Phase 1b Results: Safety, Efficacy and Circulating Tumor DNA Response of the Beta Isoform-Sparing PI3K Inhibitor Taselisib (GDC-0032) Combined with Tamoxifen in Hormone Receptor Positive Metastatic Breast Cancer Patients.",/Users/xingmeng/.openclaw/workspaces/staff-scientist-ideker/agent_LiteratureDueDiligence/runs/pi3k_alpha_inhibition_resistance_review_20260830/Phase1_PubmedCollection/passes/pass_002/artifacts/fulltext_import/PDF/PMID 31439579.pdf,/Users/xingmeng/.openclaw/workspaces/staff-scientist-ideker/agent_LiteratureDueDiligence/runs/pi3k_alpha_inhibition_resistance_review_20260830/Phase1_PubmedCollection/passes/pass_002/artifacts/fulltext_import/PDF/parser_cache/grobid/pmid-31439579.tei.xml,/Users/xingmeng/.openclaw/workspaces/staff-scientist-ideker/agent_LiteratureDueDiligence/runs/pi3k_alpha_inhibition_resistance_review_20260830/Phase1_PubmedCollection/passes/pass_002/artifacts/fulltext_import/PDF/normalized/pmid-31439579.json,normalized,PDF parsed and normalized through GROBID TEI.
pmid-29616128,29616128,10.3892/ol.2018.8129,EGFR-TKI resistance and MAP17 are associated with cancer stem cell like properties.,/Users/xingmeng/.openclaw/workspaces/staff-scientist-ideker/agent_LiteratureDueDiligence/runs/pi3k_alpha_inhibition_resistance_review_20260830/Phase1_PubmedCollection/passes/pass_002/artifacts/fulltext_import/PDF/PMID 29616128.pdf,/Users/xingmeng/.openclaw/workspaces/staff-scientist-ideker/agent_LiteratureDueDiligence/runs/pi3k_alpha_inhibition_resistance_review_20260830/Phase1_PubmedCollection/passes/pass_002/artifacts/fulltext_import/PDF/parser_cache/grobid/pmid-29616128.tei.xml,/Users/xingmeng/.openclaw/workspaces/staff-scientist-ideker/agent_LiteratureDueDiligence/runs/pi3k_alpha_inhibition_resistance_review_20260830/Phase1_PubmedCollection/passes/pass_002/artifacts/fulltext_import/PDF/normalized/pmid-29616128.json,normalized,PDF parsed and normalized through GROBID TEI.
pmid-29581176,29581176,10.1158/2159-8290.CD-17-0867,Identification of Pik3ca Mutation as a Genetic Driver of Prostate Cancer That Cooperates with Pten Loss to Accelerate Progression and Castration-Resistant Growth.,/Users/xingmeng/.openclaw/workspaces/staff-scientist-ideker/agent_LiteratureDueDiligence/runs/pi3k_alpha_inhibition_resistance_review_20260830/Phase1_PubmedCollection/passes/pass_002/artifacts/fulltext_import/PDF/PMID 29581176.pdf,/Users/xingmeng/.openclaw/workspaces/staff-scientist-ideker/agent_LiteratureDueDiligence/runs/pi3k_alpha_inhibition_resistance_review_20260830/Phase1_PubmedCollection/passes/pass_002/artifacts/fulltext_import/PDF/parser_cache/grobid/pmid-29581176.tei.xml,/Users/xingmeng/.openclaw/workspaces/staff-scientist-ideker/agent_LiteratureDueDiligence/runs/pi3k_alpha_inhibition_resistance_review_20260830/Phase1_PubmedCollection/passes/pass_002/artifacts/fulltext_import/PDF/normalized/pmid-29581176.json,normalized,PDF parsed and normalized through GROBID TEI.
pmid-29386312,29386312,10.1634/theoncologist.2017-0342,Tumor Mutational Burden Guides Therapy in a Treatment Refractory POLE-Mutant Uterine Carcinosarcoma.,/Users/xingmeng/.openclaw/workspaces/staff-scientist-ideker/agent_LiteratureDueDiligence/runs/pi3k_alpha_inhibition_resistance_review_20260830/Phase1_PubmedCollection/passes/pass_002/artifacts/fulltext_import/PDF/PMID 29386312.pdf,/Users/xingmeng/.openclaw/workspaces/staff-scientist-ideker/agent_LiteratureDueDiligence/runs/pi3k_alpha_inhibition_resistance_review_20260830/Phase1_PubmedCollection/passes/pass_002/artifacts/fulltext_import/PDF/parser_cache/grobid/pmid-29386312.tei.xml,/Users/xingmeng/.openclaw/workspaces/staff-scientist-ideker/agent_LiteratureDueDiligence/runs/pi3k_alpha_inhibition_resistance_review_20260830/Phase1_PubmedCollection/passes/pass_002/artifacts/fulltext_import/PDF/normalized/pmid-29386312.json,normalized,PDF parsed and normalized through GROBID TEI.
pmid-28576746,28576746,10.1016/j.jtho.2017.05.018,A Higher Proportion of the EGFR T790M Mutation May Contribute to the Better Survival of Patients with Exon 19 Deletions Compared with Those with L858R.,/Users/xingmeng/.openclaw/workspaces/staff-scientist-ideker/agent_LiteratureDueDiligence/runs/pi3k_alpha_inhibition_resistance_review_20260830/Phase1_PubmedCollection/passes/pass_002/artifacts/fulltext_import/PDF/PMID 28576746.pdf,/Users/xingmeng/.openclaw/workspaces/staff-scientist-ideker/agent_LiteratureDueDiligence/runs/pi3k_alpha_inhibition_resistance_review_20260830/Phase1_PubmedCollection/passes/pass_002/artifacts/fulltext_import/PDF/parser_cache/grobid/pmid-28576746.tei.xml,/Users/xingmeng/.openclaw/workspaces/staff-scientist-ideker/agent_LiteratureDueDiligence/runs/pi3k_alpha_inhibition_resistance_review_20260830/Phase1_PubmedCollection/passes/pass_002/artifacts/fulltext_import/PDF/normalized/pmid-28576746.json,normalized,PDF parsed and normalized through GROBID TEI.
pmid-28219202,28219202,10.3760/cma.j.issn.0253-3766.2017.02.004,[Precision treatment after resistance to first-generation EGFR-TKI in patients with non-small cell lung cancer].,/Users/xingmeng/.openclaw/workspaces/staff-scientist-ideker/agent_LiteratureDueDiligence/runs/pi3k_alpha_inhibition_resistance_review_20260830/Phase1_PubmedCollection/passes/pass_002/artifacts/fulltext_import/PDF/PMID 28219202.pdf,/Users/xingmeng/.openclaw/workspaces/staff-scientist-ideker/agent_LiteratureDueDiligence/runs/pi3k_alpha_inhibition_resistance_review_20260830/Phase1_PubmedCollection/passes/pass_002/artifacts/fulltext_import/PDF/parser_cache/grobid/pmid-28219202.tei.xml,/Users/xingmeng/.openclaw/workspaces/staff-scientist-ideker/agent_LiteratureDueDiligence/runs/pi3k_alpha_inhibition_resistance_review_20260830/Phase1_PubmedCollection/passes/pass_002/artifacts/fulltext_import/PDF/normalized/pmid-28219202.json,normalized,PDF parsed and normalized through GROBID TEI.
pmid-27965317,27965317,10.1158/0008-5472.CAN-16-1578,Cell-Specific Computational Modeling of the PIM Pathway in Acute Myeloid Leukemia.,/Users/xingmeng/.openclaw/workspaces/staff-scientist-ideker/agent_LiteratureDueDiligence/runs/pi3k_alpha_inhibition_resistance_review_20260830/Phase1_PubmedCollection/passes/pass_002/artifacts/fulltext_import/PDF/PMID 27965317.pdf,/Users/xingmeng/.openclaw/workspaces/staff-scientist-ideker/agent_LiteratureDueDiligence/runs/pi3k_alpha_inhibition_resistance_review_20260830/Phase1_PubmedCollection/passes/pass_002/artifacts/fulltext_import/PDF/parser_cache/grobid/pmid-27965317.tei.xml,/Users/xingmeng/.openclaw/workspaces/staff-scientist-ideker/agent_LiteratureDueDiligence/runs/pi3k_alpha_inhibition_resistance_review_20260830/Phase1_PubmedCollection/passes/pass_002/artifacts/fulltext_import/PDF/normalized/pmid-27965317.json,normalized,PDF parsed and normalized through GROBID TEI.
pmid-26224873,26224873,10.1158/1078-0432.CCR-14-3081,Tankyrase Inhibition Blocks Wnt/β-Catenin Pathway and Reverts Resistance to PI3K and AKT Inhibitors in the Treatment of Colorectal Cancer.,/Users/xingmeng/.openclaw/workspaces/staff-scientist-ideker/agent_LiteratureDueDiligence/runs/pi3k_alpha_inhibition_resistance_review_20260830/Phase1_PubmedCollection/passes/pass_002/artifacts/fulltext_import/PDF/PMID 26224873.pdf,/Users/xingmeng/.openclaw/workspaces/staff-scientist-ideker/agent_LiteratureDueDiligence/runs/pi3k_alpha_inhibition_resistance_review_20260830/Phase1_PubmedCollection/passes/pass_002/artifacts/fulltext_import/PDF/parser_cache/grobid/pmid-26224873.tei.xml,/Users/xingmeng/.openclaw/workspaces/staff-scientist-ideker/agent_LiteratureDueDiligence/runs/pi3k_alpha_inhibition_resistance_review_20260830/Phase1_PubmedCollection/passes/pass_002/artifacts/fulltext_import/PDF/normalized/pmid-26224873.json,normalized,PDF parsed and normalized through GROBID TEI.
pmid-25636880,25636880,10.1016/j.phymed.2014.11.011,Pharmacogenomic and molecular docking studies on the cytotoxicity of the natural steroid wortmannin against multidrug-resistant tumor cells.,/Users/xingmeng/.openclaw/workspaces/staff-scientist-ideker/agent_LiteratureDueDiligence/runs/pi3k_alpha_inhibition_resistance_review_20260830/Phase1_PubmedCollection/passes/pass_002/artifacts/fulltext_import/PDF/PMID 25636880.pdf,/Users/xingmeng/.openclaw/workspaces/staff-scientist-ideker/agent_LiteratureDueDiligence/runs/pi3k_alpha_inhibition_resistance_review_20260830/Phase1_PubmedCollection/passes/pass_002/artifacts/fulltext_import/PDF/parser_cache/grobid/pmid-25636880.tei.xml,/Users/xingmeng/.openclaw/workspaces/staff-scientist-ideker/agent_LiteratureDueDiligence/runs/pi3k_alpha_inhibition_resistance_review_20260830/Phase1_PubmedCollection/passes/pass_002/artifacts/fulltext_import/PDF/normalized/pmid-25636880.json,normalized,PDF parsed and normalized through GROBID TEI.
