paper_id,pmid,pmcid,doi,title,pmc_access_status,pmc_parse_status,pdf_needed,pdf_import_status,normalized_path,notes
pmid-42588596,42588596,PMC13465285,10.3390/cancers18152375,PAX3::FOXO1-Targeting PROTAC Induces Myogenic Differentiation of Fusion-Positive Rhabdomyosarcoma Cells.,available,usable,no,not_attempted,/Users/xingmeng/.openclaw/workspaces/staff-scientist-ideker/agenticWorkflow_LiteratureScreeningAndFullTextReview/runs/pax8_regulation_20260826/passes/pass_001/artifacts/fulltext_import/PMC_XML/normalized/PMC13465285.json,PMC XML downloaded and normalized.
pmid-42471738,42471738,,10.1186/s13062-026-00905-1,PAX5 alleviates atherosclerosis by transcriptionally regulating GSDMD and inhibiting STAT3-mediated pyroptosis.,missing,not_attempted,yes,missing,,No PMCID found via NCBI idconv; PDF fallback will be needed.
pmid-42310073,42310073,,10.1038/s41698-026-01542-7,LINC00312 increases gemcitabine sensitivity in nasopharyngeal carcinoma by recruiting PABPC1 and modulating PAX5-mediated transcription of LPLUNC1.,missing,not_attempted,yes,missing,,No PMCID found via NCBI idconv; PDF fallback will be needed.
pmid-42204622,42204622,PMC13419031,10.1186/s13062-026-00837-w,Dual inhibition of KDM4B and KDM5A disassembles the PAX3-FOXO1 transcriptional program in fusion-positive rhabdomyosarcoma.,available,usable,no,not_attempted,/Users/xingmeng/.openclaw/workspaces/staff-scientist-ideker/agenticWorkflow_LiteratureScreeningAndFullTextReview/runs/pax8_regulation_20260826/passes/pass_001/artifacts/fulltext_import/PMC_XML/normalized/PMC13419031.json,PMC XML downloaded and normalized.
pmid-42044732,42044732,,10.1016/j.gene.2026.150184,ZC3H13-mediated the m6A modification of PAX9 suppresses the progression of reflux esophagitis via improving esophageal epithelial barrier dysfunction.,missing,not_attempted,yes,missing,,No PMCID found via NCBI idconv; PDF fallback will be needed.
pmid-41951061,41951061,,10.1016/j.mcp.2026.102070,ZMIZ1 promotes PAX6 ubiquitination through SMAD3 to drive the malignant progression of acute myeloid leukemia.,missing,not_attempted,yes,missing,,No PMCID found via NCBI idconv; PDF fallback will be needed.
pmid-41166909,41166909,,10.1016/j.phymed.2025.157445,"Betulin, an active component from Chinese herb birch bark, suppresses tumor angiogenesis and tumor growth by inhibiting the PAX2/VEGF-A/VEGR2 signaling pathway in non-small cell lung cancer.",missing,not_attempted,yes,missing,,No PMCID found via NCBI idconv; PDF fallback will be needed.
pmid-40679038,40679038,PMC12401534,10.1242/dev.204848,Mutual repression between Pax2 and Snail factors regulates the epithelial/mesenchymal state during intermediate mesoderm differentiation.,available,usable,no,not_attempted,/Users/xingmeng/.openclaw/workspaces/staff-scientist-ideker/agenticWorkflow_LiteratureScreeningAndFullTextReview/runs/pax8_regulation_20260826/passes/pass_001/artifacts/fulltext_import/PMC_XML/normalized/PMC12401534.json,PMC XML downloaded and normalized.
pmid-40378211,40378211,PMC12083534,10.1126/sciadv.adu6632,Dual DNA demethylation mechanisms implement epigenetic memory driven by the pioneer factor PAX7.,available,usable,no,not_attempted,/Users/xingmeng/.openclaw/workspaces/staff-scientist-ideker/agenticWorkflow_LiteratureScreeningAndFullTextReview/runs/pax8_regulation_20260826/passes/pass_001/artifacts/fulltext_import/PMC_XML/normalized/PMC12083534.json,PMC XML downloaded and normalized.
pmid-40119193,40119193,,10.1038/s41590-025-02139-1,"Author Correction: Transcriptional function of E2A, Ebf1, Pax5, Ikaros and Aiolos analyzed by in vivo acute protein degradation in early B cell development.",missing,not_attempted,yes,missing,,No PMCID found via NCBI idconv; PDF fallback will be needed.
pmid-39622391,39622391,,10.1016/j.brainresbull.2024.111156,Molecular mechanism of METTL14-mediated m6A modification regulating microglial function post ischemic stroke.,missing,not_attempted,yes,missing,,No PMCID found via NCBI idconv; PDF fallback will be needed.
pmid-39332789,39332789,PMC12970481,10.1016/j.ydbio.2024.09.009,"Pax2a, Pax5 and Cdh1-β-catenin, but not Wnt, protect sensory hair cells from destabilizing effects of fgf signaling on cell adhesion.",available,usable,no,not_attempted,/Users/xingmeng/.openclaw/workspaces/staff-scientist-ideker/agenticWorkflow_LiteratureScreeningAndFullTextReview/runs/pax8_regulation_20260826/passes/pass_001/artifacts/fulltext_import/PMC_XML/normalized/PMC12970481.json,PMC XML downloaded and normalized.
pmid-39488637,39488637,PMC11531527,10.1038/s41598-024-76732-z,TGF-β superfamily-induced transcriptional activation pathways establish the RAD52-dependent ALT machinery during malignant transformation of MPNSTs.,available,usable,no,not_attempted,/Users/xingmeng/.openclaw/workspaces/staff-scientist-ideker/agenticWorkflow_LiteratureScreeningAndFullTextReview/runs/pax8_regulation_20260826/passes/pass_001/artifacts/fulltext_import/PMC_XML/normalized/PMC11531527.json,PMC XML downloaded and normalized.
pmid-39424985,39424985,PMC11588656,10.1038/s41590-024-01995-7,A SIRT7-dependent acetylation switch regulates early B cell differentiation and lineage commitment through Pax5.,available,usable,no,not_attempted,/Users/xingmeng/.openclaw/workspaces/staff-scientist-ideker/agenticWorkflow_LiteratureScreeningAndFullTextReview/runs/pax8_regulation_20260826/passes/pass_001/artifacts/fulltext_import/PMC_XML/normalized/PMC11588656.json,PMC XML downloaded and normalized.
pmid-39256480,39256480,PMC11528059,10.1038/s41423-024-01213-2,Rack1 regulates B-cell development and function by binding to and stabilizing the transcription factor Pax5.,available,unusable,yes,missing,,PMC XML body element is missing. Unusable PMC XML deleted from run artifacts.
pmid-39179932,39179932,,10.1038/s41590-024-01933-7,"Transcriptional function of E2A, Ebf1, Pax5, Ikaros and Aiolos analyzed by in vivo acute protein degradation in early B cell development.",missing,not_attempted,yes,missing,,No PMCID found via NCBI idconv; PDF fallback will be needed.
pmid-39015146,39015146,PMC11250905,10.1016/j.isci.2024.110241,The E3 ubiquitin ligase Nedd4L preserves skeletal muscle stem cell quiescence by inhibiting their activation.,available,usable,no,not_attempted,/Users/xingmeng/.openclaw/workspaces/staff-scientist-ideker/agenticWorkflow_LiteratureScreeningAndFullTextReview/runs/pax8_regulation_20260826/passes/pass_001/artifacts/fulltext_import/PMC_XML/normalized/PMC11250905.json,PMC XML downloaded and normalized.
pmid-38996706,38996706,,10.1016/j.biopha.2024.117126,Anlotinib destabilizes PAX3-FOXO1 to induce rhabdomyosarcoma cell death via upregulating NEK2.,missing,not_attempted,yes,missing,,No PMCID found via NCBI idconv; PDF fallback will be needed.
pmid-38861275,38861275,PMC11174093,10.1167/iovs.65.6.17,IGF2BP2 Maintains Retinal Pigment Epithelium Homeostasis by Stabilizing PAX6 and OTX2.,available,usable,no,not_attempted,/Users/xingmeng/.openclaw/workspaces/staff-scientist-ideker/agenticWorkflow_LiteratureScreeningAndFullTextReview/runs/pax8_regulation_20260826/passes/pass_001/artifacts/fulltext_import/PMC_XML/normalized/PMC11174093.json,PMC XML downloaded and normalized.
pmid-38776375,38776375,PMC11145296,10.1073/pnas.2314619121,SUMO-specific protease 1 regulates germinal center B cell response through deSUMOylation of PAX5.,available,usable,no,not_attempted,/Users/xingmeng/.openclaw/workspaces/staff-scientist-ideker/agenticWorkflow_LiteratureScreeningAndFullTextReview/runs/pax8_regulation_20260826/passes/pass_001/artifacts/fulltext_import/PMC_XML/normalized/PMC11145296.json,PMC XML downloaded and normalized.
pmid-38657865,38657865,PMC11130726,10.1016/j.jbc.2024.107312,PTIP UFMylation promotes replication fork degradation in BRCA1-deficient cells.,available,usable,no,not_attempted,/Users/xingmeng/.openclaw/workspaces/staff-scientist-ideker/agenticWorkflow_LiteratureScreeningAndFullTextReview/runs/pax8_regulation_20260826/passes/pass_001/artifacts/fulltext_import/PMC_XML/normalized/PMC11130726.json,PMC XML downloaded and normalized.
pmid-38500398,38500398,PMC11296109,10.1111/acel.14144,"Stem cell secretome treatment improves whole-body metabolism, reduces adiposity, and promotes skeletal muscle function in aged mice.",available,usable,no,not_attempted,/Users/xingmeng/.openclaw/workspaces/staff-scientist-ideker/agenticWorkflow_LiteratureScreeningAndFullTextReview/runs/pax8_regulation_20260826/passes/pass_001/artifacts/fulltext_import/PMC_XML/normalized/PMC11296109.json,PMC XML downloaded and normalized.
pmid-37661017,37661017,,10.1016/j.neuroscience.2023.08.036,NEDD4 Like E3 Ubiquitin Protein Ligase Represses Astrocyte Activation and Aggravates Neuroinflammation in Mice with Depression via Paired Box 6 Ubiquitination.,missing,not_attempted,yes,missing,,No PMCID found via NCBI idconv; PDF fallback will be needed.
pmid-37147738,37147738,PMC10161651,10.1186/s40659-023-00432-7,NEDD4-1 deficiency impairs satellite cell function during skeletal muscle regeneration.,available,usable,no,not_attempted,/Users/xingmeng/.openclaw/workspaces/staff-scientist-ideker/agenticWorkflow_LiteratureScreeningAndFullTextReview/runs/pax8_regulation_20260826/passes/pass_001/artifacts/fulltext_import/PMC_XML/normalized/PMC10161651.json,PMC XML downloaded and normalized.
pmid-37116471,37116471,,10.1016/j.cell.2023.03.018,Regulation of Pax3 by Proteasomal Degradation of Monoubiquitinated Protein in Skeletal Muscle Progenitors.,missing,not_attempted,yes,missing,,No PMCID found via NCBI idconv; PDF fallback will be needed.
pmid-37028762,37028762,PMC10164895,10.1016/j.jbc.2023.104680,The ups and downs of Pax6 in neural stem cells.,available,usable,no,not_attempted,/Users/xingmeng/.openclaw/workspaces/staff-scientist-ideker/agenticWorkflow_LiteratureScreeningAndFullTextReview/runs/pax8_regulation_20260826/passes/pass_001/artifacts/fulltext_import/PMC_XML/normalized/PMC10164895.json,PMC XML downloaded and normalized.
pmid-36791914,36791914,PMC10011063,10.1016/j.jbc.2023.103020,Histone acetyltransferase KAT2A modulates neural stem cell differentiation and proliferation by inducing degradation of the transcription factor PAX6.,available,usable,no,not_attempted,/Users/xingmeng/.openclaw/workspaces/staff-scientist-ideker/agenticWorkflow_LiteratureScreeningAndFullTextReview/runs/pax8_regulation_20260826/passes/pass_001/artifacts/fulltext_import/PMC_XML/normalized/PMC10011063.json,PMC XML downloaded and normalized.
pmid-36395771,36395771,PMC9731406,10.1016/j.molcel.2022.10.025,"PAX3-FOXO1 coordinates enhancer architecture, eRNA transcription, and RNA polymerase pause release at select gene targets.",available,usable,no,not_attempted,/Users/xingmeng/.openclaw/workspaces/staff-scientist-ideker/agenticWorkflow_LiteratureScreeningAndFullTextReview/runs/pax8_regulation_20260826/passes/pass_001/artifacts/fulltext_import/PMC_XML/normalized/PMC9731406.json,PMC XML downloaded and normalized.
pmid-36064939,36064939,PMC9445070,10.1038/s41419-022-05219-4,The MBNL1/circNTRK2/PAX5 pathway regulates aerobic glycolysis in glioblastoma cells by encoding a novel protein NTRK2-243aa.,available,usable,no,not_attempted,/Users/xingmeng/.openclaw/workspaces/staff-scientist-ideker/agenticWorkflow_LiteratureScreeningAndFullTextReview/runs/pax8_regulation_20260826/passes/pass_001/artifacts/fulltext_import/PMC_XML/normalized/PMC9445070.json,PMC XML downloaded and normalized.
pmid-35920196,35920196,PMC9827955,10.3724/abbs.2022043,PHD3 inhibits cell proliferation through hydroxylation of PAX2 at proline 9.,available,usable,no,not_attempted,/Users/xingmeng/.openclaw/workspaces/staff-scientist-ideker/agenticWorkflow_LiteratureScreeningAndFullTextReview/runs/pax8_regulation_20260826/passes/pass_001/artifacts/fulltext_import/PMC_XML/normalized/PMC9827955.json,PMC XML downloaded and normalized.
pmid-35273362,35273362,PMC9433428,10.1038/s41418-022-00956-7,Genome-wide screening for deubiquitinase subfamily identifies ubiquitin-specific protease 49 as a novel regulator of odontogenesis.,available,usable,no,not_attempted,/Users/xingmeng/.openclaw/workspaces/staff-scientist-ideker/agenticWorkflow_LiteratureScreeningAndFullTextReview/runs/pax8_regulation_20260826/passes/pass_001/artifacts/fulltext_import/PMC_XML/normalized/PMC9433428.json,PMC XML downloaded and normalized.
pmid-35224872,35224872,PMC8883148,10.14814/phy2.15188,Does the early aldosterone-induced SGK1 play a role in early Kaliuresis?,available,usable,no,not_attempted,/Users/xingmeng/.openclaw/workspaces/staff-scientist-ideker/agenticWorkflow_LiteratureScreeningAndFullTextReview/runs/pax8_regulation_20260826/passes/pass_001/artifacts/fulltext_import/PMC_XML/normalized/PMC8883148.json,PMC XML downloaded and normalized.
pmid-35145023,35145023,PMC8851542,10.1073/pnas.2101848119,A distinct role of STING in regulating glucose homeostasis through insulin sensitivity and insulin secretion.,available,usable,no,not_attempted,/Users/xingmeng/.openclaw/workspaces/staff-scientist-ideker/agenticWorkflow_LiteratureScreeningAndFullTextReview/runs/pax8_regulation_20260826/passes/pass_001/artifacts/fulltext_import/PMC_XML/normalized/PMC8851542.json,PMC XML downloaded and normalized.
pmid-34852207,34852207,,10.1152/ajpcell.00344.2021,Aerobic exercise and resistance exercise alleviate skeletal muscle atrophy through IGF-1/IGF-1R-PI3K/Akt pathway in mice with myocardial infarction.,missing,not_attempted,yes,missing,,No PMCID found via NCBI idconv; PDF fallback will be needed.
pmid-34301800,34301800,PMC7611449,10.1126/sciimmunol.abg5003,Pax5 regulates B cell immunity by promoting PI3K signaling via PTEN down-regulation.,available,usable,no,not_attempted,/Users/xingmeng/.openclaw/workspaces/staff-scientist-ideker/agenticWorkflow_LiteratureScreeningAndFullTextReview/runs/pax8_regulation_20260826/passes/pass_001/artifacts/fulltext_import/PMC_XML/normalized/PMC7611449.json,PMC XML downloaded and normalized.
pmid-33777928,33777928,PMC7990767,10.3389/fcell.2021.606403,c-Abl Kinase Is Required for Satellite Cell Function Through Pax7 Regulation.,available,usable,no,not_attempted,/Users/xingmeng/.openclaw/workspaces/staff-scientist-ideker/agenticWorkflow_LiteratureScreeningAndFullTextReview/runs/pax8_regulation_20260826/passes/pass_001/artifacts/fulltext_import/PMC_XML/normalized/PMC7990767.json,PMC XML downloaded and normalized.
pmid-33490904,33490904,PMC7811140,10.1016/j.isci.2020.101996,17-DMAG dually inhibits Hsp90 and histone lysine demethylases in alveolar rhabdomyosarcoma.,available,usable,no,not_attempted,/Users/xingmeng/.openclaw/workspaces/staff-scientist-ideker/agenticWorkflow_LiteratureScreeningAndFullTextReview/runs/pax8_regulation_20260826/passes/pass_001/artifacts/fulltext_import/PMC_XML/normalized/PMC7811140.json,PMC XML downloaded and normalized.
pmid-33355664,33355664,PMC8097303,10.1093/molbev/msaa331,Folding Stability of Pax9 Intronic G-Quadruplex Correlates with Relative Molar Size in Eutherians.,available,usable,no,not_attempted,/Users/xingmeng/.openclaw/workspaces/staff-scientist-ideker/agenticWorkflow_LiteratureScreeningAndFullTextReview/runs/pax8_regulation_20260826/passes/pass_001/artifacts/fulltext_import/PMC_XML/normalized/PMC8097303.json,PMC XML downloaded and normalized.
pmid-32967521,32967521,PMC8496716,10.1080/15548627.2020.1826716,Loss of PKD1/polycystin-1 impairs lysosomal activity in a CAPN (calpain)-dependent manner.,available,unusable,yes,missing,,PMC XML body element is missing. Unusable PMC XML deleted from run artifacts.
pmid-32841355,32841355,,10.1210/clinem/dgaa584,Congenital Hypothyroidism Due to Truncating PAX8 Mutations: A Case Series and Molecular Function Studies.,missing,not_attempted,yes,missing,,No PMCID found via NCBI idconv; PDF fallback will be needed.
pmid-32826860,32826860,PMC7442823,10.1038/s41419-020-02848-5,"PAX6, modified by SUMOylation, plays a protective role in corneal endothelial injury.",available,usable,no,not_attempted,/Users/xingmeng/.openclaw/workspaces/staff-scientist-ideker/agenticWorkflow_LiteratureScreeningAndFullTextReview/runs/pax8_regulation_20260826/passes/pass_001/artifacts/fulltext_import/PMC_XML/normalized/PMC7442823.json,PMC XML downloaded and normalized.
pmid-32010341,32010341,PMC6966193,10.3892/etm.2019.8392,Regulation of immune response by S-1-propenylcysteine through autophagy-mediated protein degradation.,available,usable,no,not_attempted,/Users/xingmeng/.openclaw/workspaces/staff-scientist-ideker/agenticWorkflow_LiteratureScreeningAndFullTextReview/runs/pax8_regulation_20260826/passes/pass_001/artifacts/fulltext_import/PMC_XML/normalized/PMC6966193.json,PMC XML downloaded and normalized.
pmid-31980842,31980842,,10.1007/s00223-020-00661-y,Modulators of Fam210a and Roles of Fam210a in the Function of Myoblasts.,missing,not_attempted,yes,missing,,No PMCID found via NCBI idconv; PDF fallback will be needed.
pmid-31888889,31888889,,10.1158/0008-5472.CAN-19-1479,Aurora A Kinase Inhibition Destabilizes PAX3-FOXO1 and MYCN and Synergizes with Navitoclax to Induce Rhabdomyosarcoma Cell Death.,missing,not_attempted,yes,missing,,No PMCID found via NCBI idconv; PDF fallback will be needed.
pmid-31494105,31494105,,10.1016/j.cbi.2019.108813,"""Verteporfin exhibits anti-proliferative activity in embryonal and alveolar rhabdomyosarcoma cell lines"".",missing,not_attempted,yes,missing,,No PMCID found via NCBI idconv; PDF fallback will be needed.
pmid-31391550,31391550,,10.1038/s41388-019-0907-2,HBx regulates transcription factor PAX8 stabilization to promote the progression of hepatocellular carcinoma.,missing,not_attempted,yes,missing,,No PMCID found via NCBI idconv; PDF fallback will be needed.
pmid-31189662,31189662,PMC6602337,10.1242/bio.044974,Ubiquitin-mediated proteasome degradation regulates optic fissure fusion.,available,usable,no,not_attempted,/Users/xingmeng/.openclaw/workspaces/staff-scientist-ideker/agenticWorkflow_LiteratureScreeningAndFullTextReview/runs/pax8_regulation_20260826/passes/pass_001/artifacts/fulltext_import/PMC_XML/normalized/PMC6602337.json,PMC XML downloaded and normalized.
pmid-30720061,30720061,PMC6414167,10.3892/ijmm.2019.4086,Bioinformatic analysis of next‑generation sequencing data to identify dysregulated genes in fibroblasts of idiopathic pulmonary fibrosis.,available,usable,no,not_attempted,/Users/xingmeng/.openclaw/workspaces/staff-scientist-ideker/agenticWorkflow_LiteratureScreeningAndFullTextReview/runs/pax8_regulation_20260826/passes/pass_001/artifacts/fulltext_import/PMC_XML/normalized/PMC6414167.json,PMC XML downloaded and normalized.
pmid-30526042,30526042,,10.1096/fj.201801977R,Activating β-catenin/Pax6 axis negatively regulates osteoclastogenesis by selectively inhibiting phosphorylation of p38/MAPK.,missing,not_attempted,yes,missing,,No PMCID found via NCBI idconv; PDF fallback will be needed.
pmid-29910119,29910119,PMC6034064,10.1016/j.molmet.2018.05.019,Secretagogin protects Pdx1 from proteasomal degradation to control a transcriptional program required for β cell specification.,available,usable,no,not_attempted,/Users/xingmeng/.openclaw/workspaces/staff-scientist-ideker/agenticWorkflow_LiteratureScreeningAndFullTextReview/runs/pax8_regulation_20260826/passes/pass_001/artifacts/fulltext_import/PMC_XML/normalized/PMC6034064.json,PMC XML downloaded and normalized.
pmid-29357389,29357389,PMC5794192,10.1371/journal.ppat.1006868,Interferon regulatory factor 8 regulates caspase-1 expression to facilitate Epstein-Barr virus reactivation in response to B cell receptor stimulation and chemical induction.,available,usable,no,not_attempted,/Users/xingmeng/.openclaw/workspaces/staff-scientist-ideker/agenticWorkflow_LiteratureScreeningAndFullTextReview/runs/pax8_regulation_20260826/passes/pass_001/artifacts/fulltext_import/PMC_XML/normalized/PMC5794192.json,PMC XML downloaded and normalized.
pmid-29317485,29317485,PMC6596271,10.1523/JNEUROSCI.1545-17.2017,"Meis1 Coordinates Cerebellar Granule Cell Development by Regulating Pax6 Transcription, BMP Signaling and Atoh1 Degradation.",available,unusable,yes,missing,,PMC XML body element is missing. Unusable PMC XML deleted from run artifacts.
pmid-28942144,28942144,,10.1016/j.bbrc.2017.09.103,Microgravity influences maintenance of the human muscle stem/progenitor cell pool.,missing,not_attempted,yes,missing,,No PMCID found via NCBI idconv; PDF fallback will be needed.
pmid-28289184,28289184,PMC5533229,10.1681/ASN.2016070732,Renal Tubular Ubiquitin-Protein Ligase NEDD4-2 Is Required for Renal Adaptation during Long-Term Potassium Depletion.,available,unusable,yes,missing,,PMC XML body element is missing. Unusable PMC XML deleted from run artifacts.
pmid-27690155,27690155,,10.1111/apha.12811,Cyclosporin a induces renal episodic hypoxia.,missing,not_attempted,yes,missing,,No PMCID found via NCBI idconv; PDF fallback will be needed.
pmid-27555585,27555585,PMC5018744,10.1073/pnas.1600770113,Hedgehog-dependent E3-ligase Midline1 regulates ubiquitin-mediated proteasomal degradation of Pax6 during visual system development.,available,unusable,yes,missing,,PMC XML body element is missing. Unusable PMC XML deleted from run artifacts.
pmid-27453350,27453350,,10.1002/path.4773,P/CAF mediates PAX3-FOXO1-dependent oncogenesis in alveolar rhabdomyosarcoma.,missing,not_attempted,yes,missing,,No PMCID found via NCBI idconv; PDF fallback will be needed.
pmid-27144531,27144531,PMC4856311,10.1371/journal.pone.0154919,Ck2-Dependent Phosphorylation Is Required to Maintain Pax7 Protein Levels in Proliferating Muscle Progenitors.,available,usable,no,not_attempted,/Users/xingmeng/.openclaw/workspaces/staff-scientist-ideker/agenticWorkflow_LiteratureScreeningAndFullTextReview/runs/pax8_regulation_20260826/passes/pass_001/artifacts/fulltext_import/PMC_XML/normalized/PMC4856311.json,PMC XML downloaded and normalized.
pmid-27144473,27144473,PMC5019118,10.1002/stem.2396,Barx2 and Pax7 Regulate Axin2 Expression in Myoblasts by Interaction with β-Catenin and Chromatin Remodelling.,available,usable,no,not_attempted,/Users/xingmeng/.openclaw/workspaces/staff-scientist-ideker/agenticWorkflow_LiteratureScreeningAndFullTextReview/runs/pax8_regulation_20260826/passes/pass_001/artifacts/fulltext_import/PMC_XML/normalized/PMC5019118.json,PMC XML downloaded and normalized.
pmid-27067111,27067111,,10.1016/j.jmb.2016.04.004,Structural and Dynamics Studies of Pax5 Reveal Asymmetry in Stability and DNA Binding by the Paired Domain.,missing,not_attempted,yes,missing,,No PMCID found via NCBI idconv; PDF fallback will be needed.
pmid-26372689,26372689,PMC5473615,10.1002/stem.2190,Retinoic Acid Induces Ubiquitination-Resistant RIP140/LSD1 Complex to Fine-Tune Pax6 Gene in Neuronal Differentiation.,available,usable,no,not_attempted,/Users/xingmeng/.openclaw/workspaces/staff-scientist-ideker/agenticWorkflow_LiteratureScreeningAndFullTextReview/runs/pax8_regulation_20260826/passes/pass_001/artifacts/fulltext_import/PMC_XML/normalized/PMC5473615.json,PMC XML downloaded and normalized.
pmid-26329581,26329581,,10.1126/scisignal.aab1995,The E3 ligase APC/C(Cdh1) promotes ubiquitylation-mediated proteolysis of PAX3 to suppress melanocyte proliferation and melanoma growth.,missing,not_attempted,yes,missing,,No PMCID found via NCBI idconv; PDF fallback will be needed.
pmid-26304770,26304770,PMC4579044,10.1002/stem.2125,NEDD4 Regulates PAX7 Levels Promoting Activation of the Differentiation Program in Skeletal Muscle Precursors.,available,usable,no,not_attempted,/Users/xingmeng/.openclaw/workspaces/staff-scientist-ideker/agenticWorkflow_LiteratureScreeningAndFullTextReview/runs/pax8_regulation_20260826/passes/pass_001/artifacts/fulltext_import/PMC_XML/normalized/PMC4579044.json,PMC XML downloaded and normalized.
pmid-25880082,25880082,PMC4399949,10.1371/journal.pone.0124154,Mechanisms contributing to differential regulation of PAX3 downstream target genes in normal human epidermal melanocytes versus melanoma cells.,available,usable,no,not_attempted,/Users/xingmeng/.openclaw/workspaces/staff-scientist-ideker/agenticWorkflow_LiteratureScreeningAndFullTextReview/runs/pax8_regulation_20260826/passes/pass_001/artifacts/fulltext_import/PMC_XML/normalized/PMC4399949.json,PMC XML downloaded and normalized.
pmid-25398439,25398439,,10.1158/0008-5472.CAN-14-1246,"PLK1 phosphorylates PAX3-FOXO1, the inhibition of which triggers regression of alveolar Rhabdomyosarcoma.",missing,not_attempted,yes,missing,,No PMCID found via NCBI idconv; PDF fallback will be needed.
pmid-25025573,25025573,,10.1016/j.cellsig.2014.07.006,Ret finger protein mediates Pax7-induced ubiquitination of MyoD in skeletal muscle atrophy.,missing,not_attempted,yes,missing,,No PMCID found via NCBI idconv; PDF fallback will be needed.
pmid-24613379,24613379,PMC4493911,10.1016/j.freeradbiomed.2014.02.023,Nrf2 deficiency promotes apoptosis and impairs PAX7/MyoD expression in aging skeletal muscle cells.,available,usable,no,not_attempted,/Users/xingmeng/.openclaw/workspaces/staff-scientist-ideker/agenticWorkflow_LiteratureScreeningAndFullTextReview/runs/pax8_regulation_20260826/passes/pass_001/artifacts/fulltext_import/PMC_XML/normalized/PMC4493911.json,PMC XML downloaded and normalized.
pmid-24554430,24554430,,10.1242/jcs.136259,RAGE signaling deficiency in rhabdomyosarcoma cells causes upregulation of PAX7 and uncontrolled proliferation.,missing,not_attempted,yes,missing,,No PMCID found via NCBI idconv; PDF fallback will be needed.
pmid-24435167,24435167,,10.1158/1541-7786.MCR-13-0337,Functional heterogeneity of PAX5 chimeras reveals insight for leukemia development.,missing,not_attempted,yes,missing,,No PMCID found via NCBI idconv; PDF fallback will be needed.
pmid-24107448,24107448,PMC3858449,10.1158/1535-7163.MCT-13-0277,Small molecule inhibition of PAX3-FOXO1 through AKT activation suppresses malignant phenotypes of alveolar rhabdomyosarcoma.,available,usable,no,not_attempted,/Users/xingmeng/.openclaw/workspaces/staff-scientist-ideker/agenticWorkflow_LiteratureScreeningAndFullTextReview/runs/pax8_regulation_20260826/passes/pass_001/artifacts/fulltext_import/PMC_XML/normalized/PMC3858449.json,PMC XML downloaded and normalized.
pmid-23967157,23967157,PMC3742784,10.1371/journal.pone.0071117,Increased corneal epithelial turnover contributes to abnormal homeostasis in the Pax6(+/-) mouse model of aniridia.,available,usable,no,not_attempted,/Users/xingmeng/.openclaw/workspaces/staff-scientist-ideker/agenticWorkflow_LiteratureScreeningAndFullTextReview/runs/pax8_regulation_20260826/passes/pass_001/artifacts/fulltext_import/PMC_XML/normalized/PMC3742784.json,PMC XML downloaded and normalized.
pmid-23814486,23814486,PMC3689237,10.1593/neo.121888,PAX3-FOXO1 induces up-regulation of Noxa sensitizing alveolar rhabdomyosarcoma cells to apoptosis.,available,unusable,yes,missing,,PMC XML body element is missing. Unusable PMC XML deleted from run artifacts.
pmid-22898500,22898500,,10.1530/EJE-12-0410,Functional characterization of four novel PAX8 mutations causing congenital hypothyroidism: new evidence for haploinsufficiency as a disease mechanism.,missing,not_attempted,yes,missing,,No PMCID found via NCBI idconv; PDF fallback will be needed.
pmid-22546857,22546857,PMC3366393,10.1172/JCI45851,CD19 is a major B cell receptor-independent activator of MYC-driven B-lymphomagenesis.,available,unusable,yes,missing,,PMC XML body element is missing. Unusable PMC XML deleted from run artifacts.
pmid-22355320,22355320,PMC3280250,10.1371/journal.pone.0030614,Functional redundancy of two Pax-like proteins in transcriptional activation of cyst wall protein genes in Giardia lamblia.,available,usable,no,not_attempted,/Users/xingmeng/.openclaw/workspaces/staff-scientist-ideker/agenticWorkflow_LiteratureScreeningAndFullTextReview/runs/pax8_regulation_20260826/passes/pass_001/artifacts/fulltext_import/PMC_XML/normalized/PMC3280250.json,PMC XML downloaded and normalized.
pmid-22277187,22277187,,10.1016/j.archoralbio.2011.12.005,Novel missense mutations in PAX9 causing oligodontia.,missing,not_attempted,yes,missing,,No PMCID found via NCBI idconv; PDF fallback will be needed.
pmid-22446594,22446594,,,Regulation of Pax7 protein levels by caspase-3 and proteasome activity in differentiating myoblasts.,missing,not_attempted,yes,missing,,No PMCID found via NCBI idconv; PDF fallback will be needed.
pmid-22216266,22216266,PMC3247257,10.1371/journal.pone.0029379,Pax3 stimulates p53 ubiquitination and degradation independent of transcription.,available,usable,no,not_attempted,/Users/xingmeng/.openclaw/workspaces/staff-scientist-ideker/agenticWorkflow_LiteratureScreeningAndFullTextReview/runs/pax8_regulation_20260826/passes/pass_001/artifacts/fulltext_import/PMC_XML/normalized/PMC3247257.json,PMC XML downloaded and normalized.
pmid-21297014,21297014,PMC3144107,10.1177/0022034510387430,Msx1 mutations: how do they cause tooth agenesis?,available,unusable,yes,missing,,PMC XML body element is missing. Unusable PMC XML deleted from run artifacts.
pmid-21145483,21145483,PMC3023311,10.1016/j.molcel.2010.09.029,Taf1 regulates Pax3 protein by monoubiquitination in skeletal muscle progenitors.,available,usable,no,not_attempted,/Users/xingmeng/.openclaw/workspaces/staff-scientist-ideker/agenticWorkflow_LiteratureScreeningAndFullTextReview/runs/pax8_regulation_20260826/passes/pass_001/artifacts/fulltext_import/PMC_XML/normalized/PMC3023311.json,PMC XML downloaded and normalized.
pmid-21084637,21084637,PMC3000302,10.1073/pnas.1007866107,"Sumoylation activates the transcriptional activity of Pax-6, an important transcription factor for eye and brain development.",available,unusable,yes,missing,,PMC XML body element is missing. Unusable PMC XML deleted from run artifacts.
pmid-20685816,20685816,PMC2995082,10.1093/nar/gkq683,Using protein design algorithms to understand the molecular basis of disease caused by protein-DNA interactions: the Pax6 example.,available,usable,no,not_attempted,/Users/xingmeng/.openclaw/workspaces/staff-scientist-ideker/agenticWorkflow_LiteratureScreeningAndFullTextReview/runs/pax8_regulation_20260826/passes/pass_001/artifacts/fulltext_import/PMC_XML/normalized/PMC2995082.json,PMC XML downloaded and normalized.
pmid-20495365,20495365,,10.4161/cc.9.10.11533,The Quaking family of RNA-binding proteins: coordinators of the cell cycle and differentiation.,missing,not_attempted,yes,missing,,No PMCID found via NCBI idconv; PDF fallback will be needed.
pmid-20221250,20221250,PMC2832668,10.1371/journal.pgen.1000870,Papillorenal syndrome-causing missense mutations in PAX2/Pax2 result in hypomorphic alleles in mouse and human.,available,usable,no,not_attempted,/Users/xingmeng/.openclaw/workspaces/staff-scientist-ideker/agenticWorkflow_LiteratureScreeningAndFullTextReview/runs/pax8_regulation_20260826/passes/pass_001/artifacts/fulltext_import/PMC_XML/normalized/PMC2832668.json,PMC XML downloaded and normalized.
pmid-20032463,20032463,PMC2844168,10.1074/jbc.M109.061861,Histone deacetylase 10 relieves repression on the melanogenic program by maintaining the deacetylation status of repressors.,available,unusable,yes,missing,,PMC XML body element is missing. Unusable PMC XML deleted from run artifacts.
pmid-20017165,20017165,,10.1002/pros.21099,The developmental expression profile of PAX2 in the murine prostate.,missing,not_attempted,yes,missing,,No PMCID found via NCBI idconv; PDF fallback will be needed.
pmid-19429910,19429910,PMC2706687,10.1093/hmg/ddp221,Pathogenic mechanisms of tooth agenesis linked to paired domain mutations in human PAX9.,available,unusable,yes,missing,,PMC XML body element is missing. Unusable PMC XML deleted from run artifacts.
pmid-19406115,19406115,,10.1016/j.ydbio.2009.04.026,Determination of cell fates in the R7 equivalence group of the Drosophila eye by the concerted regulation of D-Pax2 and TTK88.,missing,not_attempted,yes,missing,,No PMCID found via NCBI idconv; PDF fallback will be needed.
pmid-19223471,19223471,PMC2663301,10.1128/MCB.01543-08,Pax6 regulates the proglucagon processing enzyme PC2 and its chaperone 7B2.,available,unusable,yes,missing,,PMC XML body element is missing. Unusable PMC XML deleted from run artifacts.
pmid-18974227,18974227,,10.1677/JME-08-0100,Pax8 protein stability is controlled by sumoylation.,missing,not_attempted,yes,missing,,No PMCID found via NCBI idconv; PDF fallback will be needed.
pmid-18708529,18708529,PMC2578802,10.1110/ps.035956.108,Identification of serine 205 as a site of phosphorylation on Pax3 in proliferating but not differentiating primary myoblasts.,available,unusable,yes,missing,,PMC XML body element is missing. Unusable PMC XML deleted from run artifacts.
pmid-18628401,18628401,PMC2492742,10.1101/gad.471708,Trim11 modulates the function of neurogenic transcription factor Pax6 through ubiquitin-proteosome system.,available,unusable,yes,missing,,PMC XML body element is missing. Unusable PMC XML deleted from run artifacts.
pmid-18497074,18497074,,10.1007/978-0-387-69080-3_49,Proteomic analysis of autocrine/paracrine effects of human growth hormone in human mammary carcinoma cells.,missing,not_attempted,yes,missing,,No PMCID found via NCBI idconv; PDF fallback will be needed.
pmid-18395835,18395835,PMC2747029,10.1002/dvg.20384,Cre reporter mouse expressing a nuclear localized fusion of GFP and beta-galactosidase reveals new derivatives of Pax3-expressing precursors.,available,unusable,yes,missing,,PMC XML body element is missing. Unusable PMC XML deleted from run artifacts.
pmid-18198106,18198106,,10.1051/medsci/200824131,[Proteasomal degradation of Pax3 in skeletal muscle progenitors: one ubiquitin does the trick!].,missing,not_attempted,yes,missing,,No PMCID found via NCBI idconv; PDF fallback will be needed.
pmid-18053811,18053811,,10.1016/j.febslet.2007.11.056,Dissection of the functional interaction between p53 and the embryonic proto-oncoprotein PAX3.,missing,not_attempted,yes,missing,,No PMCID found via NCBI idconv; PDF fallback will be needed.
pmid-17986608,17986608,PMC2084300,10.1073/pnas.0708910104,PAX3-FOXO1 controls expression of the p57Kip2 cell-cycle regulator through degradation of EGR1.,available,unusable,yes,missing,,PMC XML body element is missing. Unusable PMC XML deleted from run artifacts.
pmid-17698292,17698292,PMC2043499,10.1016/j.bbagen.2007.06.016,The oncogenic fusion protein Pax3-FKHR has a greater post-translational stability relative to Pax3 during early myogenesis.,available,unusable,yes,missing,,PMC XML body element is missing. Unusable PMC XML deleted from run artifacts.
pmid-17662948,17662948,,10.1016/j.cell.2007.05.044,Regulation of Pax3 by proteasomal degradation of monoubiquitinated protein in skeletal muscle progenitors.,missing,not_attempted,yes,missing,,No PMCID found via NCBI idconv; PDF fallback will be needed.
pmid-16899557,16899557,,10.1677/joe.1.06725,Estrogen-triggered delays in mammary gland gene expression during the estrous cycle: evidence for a novel timing system.,missing,not_attempted,yes,missing,,No PMCID found via NCBI idconv; PDF fallback will be needed.
pmid-16885413,16885413,,10.1681/ASN.2005111157,Akt and Mammalian target of rapamycin regulate separate systems of proteolysis in renal tubular cells.,missing,not_attempted,yes,missing,,No PMCID found via NCBI idconv; PDF fallback will be needed.
pmid-16516044,16516044,,10.1016/S0022-5347(05)00654-3,Complete unilateral ureteral obstruction in the fetal lamb. Part II: Long-term outcomes of renal tissue development.,missing,not_attempted,yes,missing,,No PMCID found via NCBI idconv; PDF fallback will be needed.
pmid-16494873,16494873,,10.1016/j.febslet.2006.02.011,Sumoylation of the SOX10 transcription factor regulates its transcriptional activity.,missing,not_attempted,yes,missing,,No PMCID found via NCBI idconv; PDF fallback will be needed.
pmid-16024294,16024294,,10.1016/j.modgep.2005.04.010,"Pax6-dependence of Six3, Eya1 and Dach1 expression during lens and nasal placode induction.",missing,not_attempted,yes,missing,,No PMCID found via NCBI idconv; PDF fallback will be needed.
pmid-15963731,15963731,,10.1016/j.smim.2005.05.012,Bone marrow microenvironmental changes in aged mice compromise V(D)J recombinase activity and B cell generation.,missing,not_attempted,yes,missing,,No PMCID found via NCBI idconv; PDF fallback will be needed.
pmid-15906682,15906682,,,Stability of genomic DNA in dried blood spots stored on filter paper.,missing,not_attempted,yes,missing,,No PMCID found via NCBI idconv; PDF fallback will be needed.
pmid-15456759,15456759,,10.1074/jbc.M411021200,Human PTIP facilitates ATM-mediated activation of p53 and promotes cellular resistance to ionizing radiation.,missing,not_attempted,yes,missing,,No PMCID found via NCBI idconv; PDF fallback will be needed.
pmid-15143176,15143176,PMC416398,10.1128/MCB.24.11.4824-4834.2004,Paired-type homeodomain transcription factors are imported into the nucleus by karyopherin 13.,available,unusable,yes,missing,,PMC XML body element is missing. Unusable PMC XML deleted from run artifacts.
pmid-14607846,14607846,,10.1074/jbc.M305648200,Functional analysis of a mutation in PAX9 associated with familial tooth agenesis in humans.,missing,not_attempted,yes,missing,,No PMCID found via NCBI idconv; PDF fallback will be needed.
pmid-12559490,12559490,,10.1016/s0925-4773(02)00456-2,"Pax6 in the sepiolid squid Euprymna scolopes: evidence for a role in eye, sensory organ and brain development.",missing,not_attempted,yes,missing,,No PMCID found via NCBI idconv; PDF fallback will be needed.
pmid-12366685,12366685,,10.1034/j.1600-065x.2002.18708.x,Stability and plasticity of wild-type and Pax5-deficient precursor B cells.,missing,not_attempted,yes,missing,,No PMCID found via NCBI idconv; PDF fallback will be needed.
pmid-11607823,11607823,,10.1038/sj.onc.1204599,Gene fusions involving PAX and FOX family members in alveolar rhabdomyosarcoma.,missing,not_attempted,yes,missing,,No PMCID found via NCBI idconv; PDF fallback will be needed.
pmid-11262416,11262416,,10.1074/jbc.M101777200,A mechanism regulating proteolysis of specific proteins during renal tubular cell growth.,missing,not_attempted,yes,missing,,No PMCID found via NCBI idconv; PDF fallback will be needed.
pmid-11059777,11059777,,,Hormone-dependent tumor regression in vivo by an inducible transcriptional repressor directed at the PAX3-FKHR oncogene.,missing,not_attempted,yes,missing,,No PMCID found via NCBI idconv; PDF fallback will be needed.
pmid-10748034,10748034,,10.1074/jbc.M001551200,BSAP (Pax5)-importin alpha 1 (Rch1) interaction identifies a nuclear localization sequence.,missing,not_attempted,yes,missing,,No PMCID found via NCBI idconv; PDF fallback will be needed.
pmid-9259183,9259183,,,"Transforming growth factor-beta 1 regulates the expression of Pax-2, a developmental control gene, in renal tubule cells.",missing,not_attempted,yes,missing,,No PMCID found via NCBI idconv; PDF fallback will be needed.
pmid-9191592,9191592,,,"Pax-6, Prox 1, and Chx10 homeobox gene expression correlates with phenotypic fate of retinal precursor cells.",missing,not_attempted,yes,missing,,No PMCID found via NCBI idconv; PDF fallback will be needed.
pmid-9019158,9019158,,,"Nuclear localization signals, DNA binding, and transactivation properties of quail Pax-6 (Pax-QNR) isoforms.",missing,not_attempted,yes,missing,,No PMCID found via NCBI idconv; PDF fallback will be needed.
