paper_id,pmid,doi,title,year,publication_types,priority,evidence_category,learned_criteria_matched,shortlist_rationale
pmid-18220729,18220729,10.2174/187152907782793545,Role of PI3 kinase gamma in excitation-contraction coupling and heart disease.,2007,"Journal Article;Research Support, Non-U.S. Gov't;Review",high,strong_learned_match,pik3ca; progression; acquired resistance; drug resistance; alpelisib; intrinsic resistance; inavolisib; pi3k; pi3k alpha; resistance,Request PDF: title/abstract matches multiple PMC-learned criteria plus run-objective terms.
pmid-21420991,21420991,10.1016/j.steroids.2011.02.023,Importance of PI3-kinase pathway in response/resistance to aromatase inhibitors.,2011,Journal Article;Review,high,strong_learned_match,pik3ca; acquired resistance; drug resistance; alpelisib; intrinsic resistance; inavolisib; pi3k; endocrine resistance; pi3k alpha; resistance,Request PDF: title/abstract matches multiple PMC-learned criteria plus run-objective terms.
pmid-21876152,21876152,10.1073/pnas.1108237108,PI3K-targeted therapy can be evaded by gene amplification along the MYC-eukaryotic translation initiation factor 4E (eIF4E) axis.,2011,"Journal Article;Research Support, N.I.H., Extramural;Research Support, Non-U.S. Gov't;Research Support, U.S. Gov't, Non-P.H.S.",high,strong_learned_match,pik3ca; acquired resistance; drug resistance; alpelisib; intrinsic resistance; inavolisib; pi3k; pi3k alpha; resistance; pi3k-alpha,Request PDF: title/abstract matches multiple PMC-learned criteria plus run-objective terms.
pmid-21258250,21258250,10.1097/JTO.0b013e31820a3a6b,Phosphoinositide-3-kinase catalytic alpha and KRAS mutations are important predictors of resistance to therapy with epidermal growth factor receptor tyrosine kinase inhibitors in patients with advanced non-small cell lung cancer.,2011,"Journal Article;Research Support, Non-U.S. Gov't",high,strong_learned_match,pik3ca; progression; acquired resistance; drug resistance; alpelisib; intrinsic resistance; inavolisib; pi3k; pi3k alpha; resistance,Request PDF: title/abstract matches multiple PMC-learned criteria plus run-objective terms.
pmid-21289267,21289267,10.1210/jc.2010-2644,The Akt-specific inhibitor MK2206 selectively inhibits thyroid cancer cells harboring mutations that can activate the PI3K/Akt pathway.,2011,"Journal Article;Research Support, N.I.H., Extramural",high,strong_learned_match,pik3ca; alpelisib; inavolisib; adaptive resistance; feedback activation; bypass signaling; compensatory signaling; pi3k; pi3k alpha; pathway reactivation,Request PDF: title/abstract matches multiple PMC-learned criteria plus run-objective terms.
pmid-22925034,22925034,10.1111/cas.12004,Establishment of phosphatidylinositol 3-kinase inhibitor-resistant cancer cell lines and therapeutic strategies for overcoming the resistance.,2012,"Journal Article;Research Support, Non-U.S. Gov't",high,strong_learned_match,pik3ca; acquired resistance; drug resistance; alpelisib; intrinsic resistance; inavolisib; pi3k; pi3k alpha; resistance; pi3k-alpha,Request PDF: title/abstract matches multiple PMC-learned criteria plus run-objective terms.
pmid-21996585,21996585,10.1016/j.cellsig.2011.09.030,Features of the reversible sensitivity-resistance transition in PI3K/PTEN/AKT signalling network after HER2 inhibition.,2012,"Journal Article;Research Support, Non-U.S. Gov't",high,strong_learned_match,pik3ca; acquired resistance; drug resistance; alpelisib; intrinsic resistance; inavolisib; pi3k; pi3k alpha; resistance; pi3k-alpha,Request PDF: title/abstract matches multiple PMC-learned criteria plus run-objective terms.
pmid-23533233,23533233,10.1210/jc.2012-3933,Clinical outcomes and molecular profile of differentiated thyroid cancers with radioiodine-avid distant metastases.,2013,"Journal Article;Research Support, N.I.H., Extramural;Research Support, Non-U.S. Gov't",high,strong_learned_match,pik3ca; progression; acquired resistance; drug resistance; alpelisib; intrinsic resistance; inavolisib; pi3k; cancers; pi3k alpha,Request PDF: title/abstract matches multiple PMC-learned criteria plus run-objective terms.
pmid-23664448,23664448,10.1016/j.lungcan.2013.02.021,Clinical perspective of afatinib in non-small cell lung cancer.,2013,"Journal Article;Research Support, Non-U.S. Gov't;Review",high,strong_learned_match,pik3ca; acquired resistance; drug resistance; alpelisib; intrinsic resistance; inavolisib; pi3k; pi3k alpha; resistance; pi3k-alpha,Request PDF: title/abstract matches multiple PMC-learned criteria plus run-objective terms.
pmid-23478237,23478237,10.1016/j.molonc.2013.02.003,Genetically engineered mouse models of PI3K signaling in breast cancer.,2013,"Journal Article;Research Support, Non-U.S. Gov't;Review",high,strong_learned_match,pik3ca; acquired resistance; drug resistance; alpelisib; intrinsic resistance; inavolisib; pi3k; cancers; pi3k alpha; resistance,Request PDF: title/abstract matches multiple PMC-learned criteria plus run-objective terms.
pmid-23948972,23948972,10.1158/1078-0432.CCR-13-0661,Identification of multiple mechanisms of resistance to vemurafenib in a patient with BRAFV600E-mutated cutaneous melanoma successfully rechallenged after progression.,2013,"Journal Article;Research Support, Non-U.S. Gov't",high,strong_learned_match,pik3ca; progression; acquired resistance; drug resistance; alpelisib; intrinsic resistance; inavolisib; pi3k; pi3k alpha; resistance,Request PDF: title/abstract matches multiple PMC-learned criteria plus run-objective terms.
pmid-23940356,23940356,10.1073/pnas.1303204110,Mutant PIK3CA accelerates HER2-driven transgenic mammary tumors and induces resistance to combinations of anti-HER2 therapies.,2013,"Journal Article;Research Support, N.I.H., Extramural;Research Support, Non-U.S. Gov't;Research Support, U.S. Gov't, Non-P.H.S.",high,strong_learned_match,pik3ca; progression; acquired resistance; drug resistance; alpelisib; intrinsic resistance; inavolisib; pi3k; cancers; pi3k alpha,Request PDF: title/abstract matches multiple PMC-learned criteria plus run-objective terms.
pmid-23281932,23281932,10.1517/14712598.2012.756469,Optimizing treatment of metastatic colorectal cancer patients with anti-EGFR antibodies: overcoming the mechanisms of cancer cell resistance.,2013,"Journal Article;Research Support, Non-U.S. Gov't;Review",high,strong_learned_match,pik3ca; progression; acquired resistance; drug resistance; alpelisib; intrinsic resistance; inavolisib; pi3k; pi3k alpha; resistance,Request PDF: title/abstract matches multiple PMC-learned criteria plus run-objective terms.
pmid-23341541,23341541,10.1182/blood-2012-10-460832,"P110α-mediated constitutive PI3K signaling limits the efficacy of p110δ-selective inhibition in mantle cell lymphoma, particularly with multiple relapse.",2013,"Evaluation Study;Journal Article;Research Support, N.I.H., Extramural;Research Support, Non-U.S. Gov't",high,strong_learned_match,pik3ca; progression; acquired resistance; drug resistance; alpelisib; intrinsic resistance; inavolisib; pi3k; pi3k alpha; resistance,Request PDF: title/abstract matches multiple PMC-learned criteria plus run-objective terms.
pmid-25285632,25285632,10.1016/j.bbrc.2014.09.129,An IL6-STAT3 loop mediates resistance to PI3K inhibitors by inducing epithelial-mesenchymal transition and cancer stem cell expansion in human breast cancer cells.,2014,Journal Article,high,strong_learned_match,pik3ca; acquired resistance; drug resistance; alpelisib; intrinsic resistance; inavolisib; adaptive resistance; feedback activation; bypass signaling; compensatory signaling,Request PDF: title/abstract matches multiple PMC-learned criteria plus run-objective terms.
pmid-24354593,24354593,10.1517/14728214.2014.873403,Emerging protein kinase inhibitors for non-small cell lung cancer.,2014,Journal Article;Review,high,strong_learned_match,pik3ca; acquired resistance; drug resistance; alpelisib; intrinsic resistance; inavolisib; pi3k; pi3k alpha; resistance; pi3k-alpha,Request PDF: title/abstract matches multiple PMC-learned criteria plus run-objective terms.
pmid-24597478,24597478,10.1111/bph.12668,Increased drug resistance is associated with reduced glucose levels and an enhanced glycolysis phenotype.,2014,"Journal Article;Research Support, Non-U.S. Gov't",high,strong_learned_match,pik3ca; acquired resistance; drug resistance; alpelisib; intrinsic resistance; inavolisib; pi3k; pi3k alpha; resistance; pi3k-alpha,Request PDF: title/abstract matches multiple PMC-learned criteria plus run-objective terms.
pmid-24735368,24735368,10.2174/0929867321666140414100127,Targeting drug-resistant prostate cancer with dual PI3K/mTOR inhibition.,2014,"Journal Article;Research Support, Non-U.S. Gov't;Review",high,strong_learned_match,pik3ca; acquired resistance; drug resistance; alpelisib; intrinsic resistance; inavolisib; pi3k; pi3k alpha; resistance; pi3k-alpha,Request PDF: title/abstract matches multiple PMC-learned criteria plus run-objective terms.
pmid-24566025,24566025,10.1016/j.pneumo.2013.12.005,[Therapeutic impact of molecular diagnosis in metastatic non-small cell lung cancer: targeted therapies in 2013].,2014,Journal Article;Review,high,strong_learned_match,pik3ca; acquired resistance; drug resistance; alpelisib; intrinsic resistance; inavolisib; pi3k; cancers; pi3k alpha; resistance,Request PDF: title/abstract matches multiple PMC-learned criteria plus run-objective terms.
pmid-25641339,25641339,10.1016/j.canlet.2015.01.024,Genetic profiling of advanced radioactive iodine-resistant differentiated thyroid cancer and correlation with axitinib efficacy.,2015,"Journal Article;Research Support, Non-U.S. Gov't",high,strong_learned_match,pik3ca; progression; acquired resistance; drug resistance; alpelisib; intrinsic resistance; inavolisib; pi3k; pi3k alpha; resistance,Request PDF: title/abstract matches multiple PMC-learned criteria plus run-objective terms.
pmid-26537074,26537074,,High selectivity of PI3Kβ inhibitors in SETD2-mutated renal clear cell carcinoma.,2015,Journal Article,high,strong_learned_match,pik3ca; acquired resistance; drug resistance; alpelisib; intrinsic resistance; inavolisib; pi3k; pi3k alpha; resistance; pi3k-alpha,Request PDF: title/abstract matches multiple PMC-learned criteria plus run-objective terms.
pmid-25628917,25628917,,MYC-xing it up with PIK3CA mutation and resistance to PI3K inhibitors: summit of two giants in breast cancers.,2015,Journal Article;Review,high,strong_learned_match,pik3ca; acquired resistance; drug resistance; alpelisib; intrinsic resistance; inavolisib; pi3k; cancers; pi3k alpha; resistance,Request PDF: title/abstract matches multiple PMC-learned criteria plus run-objective terms.
pmid-26019172,26019172,10.1158/1078-0432.CCR-15-0211,Maintenance Treatment with Cetuximab and BAY86-9766 Increases Antitumor Efficacy of Irinotecan plus Cetuximab in Human Colorectal Cancer Xenograft Models.,2015,"Journal Article;Research Support, Non-U.S. Gov't",high,strong_learned_match,pik3ca; acquired resistance; drug resistance; alpelisib; intrinsic resistance; inavolisib; adaptive resistance; feedback activation; bypass signaling; compensatory signaling,Request PDF: title/abstract matches multiple PMC-learned criteria plus run-objective terms.
pmid-25724261,25724261,10.1016/j.lungcan.2015.01.023,Multiple resistant factors in lung cancer with primary resistance to EGFR-TK inhibitors confer poor survival.,2015,"Journal Article;Research Support, Non-U.S. Gov't",high,strong_learned_match,pik3ca; acquired resistance; drug resistance; alpelisib; intrinsic resistance; inavolisib; pi3k; pi3k alpha; resistance; pi3k-alpha,Request PDF: title/abstract matches multiple PMC-learned criteria plus run-objective terms.
pmid-25453219,25453219,10.1016/j.jbior.2014.09.016,"Roles of signaling pathways in drug resistance, cancer initiating cells and cancer progression and metastasis.",2015,"Journal Article;Research Support, Non-U.S. Gov't",high,strong_learned_match,pik3ca; progression; acquired resistance; drug resistance; alpelisib; intrinsic resistance; inavolisib; pi3k; cancers; pi3k alpha,Request PDF: title/abstract matches multiple PMC-learned criteria plus run-objective terms.
pmid-28108151,28108151,10.1016/j.eururo.2017.01.021,A Functional Genetic Screen Identifies the Phosphoinositide 3-kinase Pathway as a Determinant of Resistance to Fibroblast Growth Factor Receptor Inhibitors in FGFR Mutant Urothelial Cell Carcinoma.,2017,"Journal Article;Research Support, Non-U.S. Gov't",high,strong_learned_match,pik3ca; acquired resistance; drug resistance; alpelisib; intrinsic resistance; inavolisib; feedback activation; pi3k; cancers; pi3k alpha,Request PDF: title/abstract matches multiple PMC-learned criteria plus run-objective terms.
pmid-28782530,28782530,10.1016/j.lfs.2017.08.001,"Chemotherapeutics-resistance ""arms"" race: An update on mechanisms involved in resistance limiting EGFR inhibitors in lung cancer.",2017,Journal Article;Review,high,strong_learned_match,pik3ca; acquired resistance; drug resistance; alpelisib; intrinsic resistance; inavolisib; pi3k; pi3k alpha; resistance; pi3k-alpha,Request PDF: title/abstract matches multiple PMC-learned criteria plus run-objective terms.
pmid-28495808,28495808,10.1634/theoncologist.2016-0287,Comprehensive Genomic Profiling of Esthesioneuroblastoma Reveals Additional Treatment Options.,2017,Case Reports;Journal Article,high,strong_learned_match,pik3ca; progression; acquired resistance; drug resistance; alpelisib; intrinsic resistance; inavolisib; pi3k; pi3k alpha; resistance,Request PDF: title/abstract matches multiple PMC-learned criteria plus run-objective terms.
pmid-28280620,28280620,10.21037/jgo.2017.01.14,"Potential actionable targets in appendiceal cancer detected by immunohistochemistry, fluorescent in situ hybridization, and mutational analysis.",2017,Journal Article,high,strong_learned_match,pik3ca; acquired resistance; drug resistance; alpelisib; intrinsic resistance; inavolisib; pi3k; cancers; endocrine resistance; pi3k alpha,Request PDF: title/abstract matches multiple PMC-learned criteria plus run-objective terms.
pmid-29223745,29223745,10.1016/S1470-2045(17)30688-5,"Buparlisib plus fulvestrant in postmenopausal women with hormone-receptor-positive, HER2-negative, advanced breast cancer progressing on or after mTOR inhibition (BELLE-3): a randomised, double-blind, placebo-controlled, phase 3 trial.",2018,"Clinical Trial, Phase III;Journal Article;Multicenter Study;Randomized Controlled Trial;Research Support, Non-U.S. Gov't",high,strong_learned_match,pik3ca; progression; acquired resistance; drug resistance; alpelisib; intrinsic resistance; inavolisib; adaptive resistance; feedback activation; bypass signaling,Request PDF: title/abstract matches multiple PMC-learned criteria plus run-objective terms.
pmid-29850984,29850984,10.1007/s10549-018-4792-0,Phase I study of alpelisib (BYL-719) and trastuzumab emtansine (T-DM1) in HER2-positive metastatic breast cancer (MBC) after trastuzumab and taxane therapy.,2018,"Clinical Trial, Phase I;Journal Article",high,strong_learned_match,pik3ca; progression; acquired resistance; drug resistance; alpelisib; intrinsic resistance; inavolisib; rly-2608; pi3k; ctdna,Request PDF: title/abstract matches multiple PMC-learned criteria plus run-objective terms.
pmid-29550144,29550144,10.1016/j.abb.2018.03.015,miR-19b-3p inhibits breast cancer cell proliferation and reverses saracatinib-resistance by regulating PI3K/Akt pathway.,2018,"Journal Article;Research Support, Non-U.S. Gov't",high,strong_learned_match,pik3ca; acquired resistance; drug resistance; alpelisib; intrinsic resistance; inavolisib; pi3k; pi3k alpha; resistance; pi3k-alpha,Request PDF: title/abstract matches multiple PMC-learned criteria plus run-objective terms.
pmid-31780379,31780379,10.1016/j.clbc.2019.06.017,Practical Treatment Strategies and Future Directions After Progression While Receiving CDK4/6 Inhibition and Endocrine Therapy in Advanced HR(+)/HER2(-) Breast Cancer.,2020,Journal Article,high,strong_learned_match,pik3ca; progression; acquired resistance; drug resistance; alpelisib; intrinsic resistance; inavolisib; rly-2608; pi3k; ctdna,Request PDF: title/abstract matches multiple PMC-learned criteria plus run-objective terms.
pmid-33213227,33213227,10.1080/17425255.2021.1844662,"A pharmacokinetic evaluation of alpelisib for the treatment of HR+, HER2-negative, PIK3CA-mutated advanced or metastatic breast cancer.",2021,Journal Article;Review,high,strong_learned_match,pik3ca; progression; drug resistance; alpelisib; inavolisib; rly-2608; pi3k; cancers; ctdna; endocrine resistance,Request PDF: title/abstract matches multiple PMC-learned criteria plus run-objective terms.
pmid-34249433,34249433,,A tipping-point for apoptosis following dual inhibition of HER2 signaling network by T-DM1 plus GDC-0980 maximizes anti-tumor efficacy.,2021,Journal Article,high,strong_learned_match,pik3ca; acquired resistance; drug resistance; alpelisib; intrinsic resistance; inavolisib; pi3k; pi3k alpha; resistance; pi3k-alpha,Request PDF: title/abstract matches multiple PMC-learned criteria plus run-objective terms.
pmid-35133871,35133871,10.1200/JCO.21.01648,Phase II Study of Copanlisib in Patients With Tumors With PIK3CA Mutations: Results From the NCI-MATCH ECOG-ACRIN Trial (EAY131) Subprotocol Z1F.,2022,"Clinical Trial, Phase II;Journal Article;Research Support, Non-U.S. Gov't;Research Support, N.I.H., Extramural;Adaptive Clinical Trial",high,strong_learned_match,pik3ca; progression; acquired resistance; drug resistance; alpelisib; intrinsic resistance; inavolisib; pi3k; cancers; pi3k alpha,Request PDF: title/abstract matches multiple PMC-learned criteria plus run-objective terms.
pmid-36195678,36195678,10.1007/s00268-022-06738-z,Ferroptosis Inducers in Thyroid Cancer.,2023,"Journal Article;Research Support, Non-U.S. Gov't",high,strong_learned_match,pik3ca; progression; acquired resistance; drug resistance; alpelisib; intrinsic resistance; inavolisib; pi3k; cancers; pi3k alpha,Request PDF: title/abstract matches multiple PMC-learned criteria plus run-objective terms.
pmid-36605843,36605843,10.1007/s13691-022-00573-8,Lenvatinib-refractory thymic mucinous carcinoma with PIK3CA mutation.,2023,Case Reports;Journal Article,high,strong_learned_match,pik3ca; progression; acquired resistance; drug resistance; alpelisib; intrinsic resistance; inavolisib; pi3k; pi3k alpha; resistance,Request PDF: title/abstract matches multiple PMC-learned criteria plus run-objective terms.
pmid-40203765,40203765,10.1016/j.ejca.2025.115397,"Inavolisib plus letrozole or fulvestrant in PIK3CA-mutated, hormone receptor-positive, HER2-negative advanced or metastatic breast cancer (GO39374): An open-label, multicentre, dose-escalation and dose-expansion phase 1/1b study.",2025,"Journal Article;Multicenter Study;Clinical Trial, Phase I",high,strong_learned_match,pik3ca; progression; drug resistance; alpelisib; inavolisib; rly-2608; pi3k; ctdna; endocrine resistance; pi3k alpha,Request PDF: title/abstract matches multiple PMC-learned criteria plus run-objective terms.
pmid-39687977,39687977,10.1111/his.15395,Recent advancements in biomarkers and molecular diagnostics in hormonal receptor-positive breast cancer.,2025,Journal Article;Review,high,strong_learned_match,pik3ca; acquired resistance; drug resistance; alpelisib; intrinsic resistance; inavolisib; pi3k; cancers; pi3k alpha; resistance,Request PDF: title/abstract matches multiple PMC-learned criteria plus run-objective terms.
pmid-42307901,42307901,10.1097/CAD.0000000000001831,Inavolisib and lenvatinib for PIK3CA-mutated refractory splenic angiosarcoma: a case report.,2026,Journal Article,high,strong_learned_match,pik3ca; progression; acquired resistance; drug resistance; alpelisib; intrinsic resistance; inavolisib; pi3k; pi3k alpha; resistance,Request PDF: title/abstract matches multiple PMC-learned criteria plus run-objective terms.
pmid-42310133,42310133,10.1038/s41598-026-57604-0,"Multitargeted comparative evaluation suggests 2-Aoeobenoxmide shows favourable in silico binding compared to Tucatinib against ERα, HER2, AKT1, EGFR, and PIK3CA in breast cancer.",2026,Journal Article,high,strong_learned_match,pik3ca; progression; acquired resistance; drug resistance; alpelisib; intrinsic resistance; inavolisib; adaptive resistance; feedback activation; bypass signaling,Request PDF: title/abstract matches multiple PMC-learned criteria plus run-objective terms.
pmid-41902997,41902997,10.1007/s12094-026-04314-8,The logarithmic phase as a therapeutic direction: evaluating pharmacological strategies against cancer progression.,2026,Journal Article;Review,high,strong_learned_match,pik3ca; progression; drug resistance; alpelisib; inavolisib; adaptive resistance; feedback activation; bypass signaling; compensatory signaling; rly-2608,Request PDF: title/abstract matches multiple PMC-learned criteria plus run-objective terms.
